store_id,wm_yr_wk,week_start,units,state,region
CA_1,11101,2011-01-29,23715,CA,West
CA_1,11102,2011-02-05,24645,CA,West
CA_1,11103,2011-02-12,21153,CA,West
CA_1,11104,2011-02-19,21716,CA,West
CA_1,11105,2011-02-26,20167,CA,West
CA_1,11106,2011-03-05,23734,CA,West
CA_1,11107,2011-03-12,21173,CA,West
CA_1,11108,2011-03-19,20239,CA,West
CA_1,11109,2011-03-26,21168,CA,West
CA_1,11110,2011-04-02,24019,CA,West
CA_1,11111,2011-04-09,21408,CA,West
CA_1,11112,2011-04-16,20552,CA,West
CA_1,11113,2011-04-23,18514,CA,West
CA_1,11114,2011-04-30,21097,CA,West
CA_1,11115,2011-05-07,20817,CA,West
CA_1,11116,2011-05-14,19308,CA,West
CA_1,11117,2011-05-21,18870,CA,West
CA_1,11118,2011-05-28,19837,CA,West
CA_1,11119,2011-06-04,22723,CA,West
CA_1,11120,2011-06-11,21385,CA,West
CA_1,11121,2011-06-18,21041,CA,West
CA_1,11122,2011-06-25,20527,CA,West
CA_1,11123,2011-07-02,24166,CA,West
CA_1,11124,2011-07-09,21264,CA,West
CA_1,11125,2011-07-16,20749,CA,West
CA_1,11126,2011-07-23,20478,CA,West
CA_1,11127,2011-07-30,21673,CA,West
CA_1,11128,2011-08-06,22575,CA,West
CA_1,11129,2011-08-13,22107,CA,West
CA_1,11130,2011-08-20,20899,CA,West
CA_1,11131,2011-08-27,20362,CA,West
CA_1,11132,2011-09-03,23022,CA,West
CA_1,11133,2011-09-10,20524,CA,West
CA_1,11134,2011-09-17,20643,CA,West
CA_1,11135,2011-09-24,22070,CA,West
CA_1,11136,2011-10-01,25249,CA,West
CA_1,11137,2011-10-08,24508,CA,West
CA_1,11138,2011-10-15,22390,CA,West
CA_1,11139,2011-10-22,22182,CA,West
CA_1,11140,2011-10-29,23336,CA,West
CA_1,11141,2011-11-05,25884,CA,West
CA_1,11142,2011-11-12,22079,CA,West
CA_1,11143,2011-11-19,24708,CA,West
CA_1,11144,2011-11-26,20175,CA,West
CA_1,11145,2011-12-03,25446,CA,West
CA_1,11146,2011-12-10,24479,CA,West
CA_1,11147,2011-12-17,26913,CA,West
CA_1,11148,2011-12-24,20868,CA,West
CA_1,11149,2011-12-31,24893,CA,West
CA_1,11150,2012-01-07,25308,CA,West
CA_1,11151,2012-01-14,23540,CA,West
CA_1,11152,2012-01-21,22905,CA,West
CA_1,11201,2012-01-28,25052,CA,West
CA_1,11202,2012-02-04,26957,CA,West
CA_1,11203,2012-02-11,25782,CA,West
CA_1,11204,2012-02-18,24465,CA,West
CA_1,11205,2012-02-25,25484,CA,West
CA_1,11206,2012-03-03,28298,CA,West
CA_1,11207,2012-03-10,27054,CA,West
CA_1,11208,2012-03-17,25525,CA,West
CA_1,11209,2012-03-24,26155,CA,West
CA_1,11210,2012-03-31,30464,CA,West
CA_1,11211,2012-04-07,28579,CA,West
CA_1,11212,2012-04-14,26345,CA,West
CA_1,11213,2012-04-21,25880,CA,West
CA_1,11214,2012-04-28,28231,CA,West
CA_1,11215,2012-05-05,29584,CA,West
CA_1,11216,2012-05-12,27778,CA,West
CA_1,11217,2012-05-19,26921,CA,West
CA_1,11218,2012-05-26,27717,CA,West
CA_1,11219,2012-06-02,30483,CA,West
CA_1,11220,2012-06-09,30840,CA,West
CA_1,11221,2012-06-16,29198,CA,West
CA_1,11222,2012-06-23,28040,CA,West
CA_1,11223,2012-06-30,31046,CA,West
CA_1,11224,2012-07-07,30270,CA,West
CA_1,11225,2012-07-14,28206,CA,West
CA_1,11226,2012-07-21,27634,CA,West
CA_1,11227,2012-07-28,27535,CA,West
CA_1,11228,2012-08-04,31209,CA,West
CA_1,11229,2012-08-11,30178,CA,West
CA_1,11230,2012-08-18,29441,CA,West
CA_1,11231,2012-08-25,27148,CA,West
CA_1,11232,2012-09-01,31060,CA,West
CA_1,11233,2012-09-08,28015,CA,West
CA_1,11234,2012-09-15,26889,CA,West
CA_1,11235,2012-09-22,25866,CA,West
CA_1,11236,2012-09-29,28186,CA,West
CA_1,11237,2012-10-06,27986,CA,West
CA_1,11238,2012-10-13,24265,CA,West
CA_1,11239,2012-10-20,23351,CA,West
CA_1,11240,2012-10-27,24471,CA,West
CA_1,11241,2012-11-03,26852,CA,West
CA_1,11242,2012-11-10,25086,CA,West
CA_1,11243,2012-11-17,24494,CA,West
CA_1,11244,2012-11-24,20003,CA,West
CA_1,11245,2012-12-01,25706,CA,West
CA_1,11246,2012-12-08,25416,CA,West
CA_1,11247,2012-12-15,25464,CA,West
CA_1,11248,2012-12-22,21282,CA,West
CA_1,11249,2012-12-29,26306,CA,West
CA_1,11250,2013-01-05,26440,CA,West
CA_1,11251,2013-01-12,24505,CA,West
CA_1,11252,2013-01-19,23923,CA,West
CA_1,11301,2013-01-26,25008,CA,West
CA_1,11302,2013-02-02,26578,CA,West
CA_1,11303,2013-02-09,28596,CA,West
CA_1,11304,2013-02-16,27367,CA,West
CA_1,11305,2013-02-23,25980,CA,West
CA_1,11306,2013-03-02,28049,CA,West
CA_1,11307,2013-03-09,26704,CA,West
CA_1,11308,2013-03-16,26316,CA,West
CA_1,11309,2013-03-23,27079,CA,West
CA_1,11310,2013-03-30,29727,CA,West
CA_1,11311,2013-04-06,29897,CA,West
CA_1,11312,2013-04-13,26270,CA,West
CA_1,11313,2013-04-20,26726,CA,West
CA_1,11314,2013-04-27,27517,CA,West
CA_1,11315,2013-05-04,30098,CA,West
CA_1,11316,2013-05-11,29201,CA,West
CA_1,11317,2013-05-18,29348,CA,West
CA_1,11318,2013-05-25,28083,CA,West
CA_1,11319,2013-06-01,32105,CA,West
CA_1,11320,2013-06-08,32793,CA,West
CA_1,11321,2013-06-15,29822,CA,West
CA_1,11322,2013-06-22,30593,CA,West
CA_1,11323,2013-06-29,36070,CA,West
CA_1,11324,2013-07-06,32593,CA,West
CA_1,11325,2013-07-13,31609,CA,West
CA_1,11326,2013-07-20,30963,CA,West
CA_1,11327,2013-07-27,31016,CA,West
CA_1,11328,2013-08-03,33706,CA,West
CA_1,11329,2013-08-10,33621,CA,West
CA_1,11330,2013-08-17,31463,CA,West
CA_1,11331,2013-08-24,32245,CA,West
CA_1,11332,2013-08-31,35008,CA,West
CA_1,11333,2013-09-07,33314,CA,West
CA_1,11334,2013-09-14,31267,CA,West
CA_1,11335,2013-09-21,30610,CA,West
CA_1,11336,2013-09-28,32843,CA,West
CA_1,11337,2013-10-05,32838,CA,West
CA_1,11338,2013-10-12,29616,CA,West
CA_1,11339,2013-10-19,28542,CA,West
CA_1,11340,2013-10-26,29380,CA,West
CA_1,11341,2013-11-02,30683,CA,West
CA_1,11342,2013-11-09,28973,CA,West
CA_1,11343,2013-11-16,28099,CA,West
CA_1,11344,2013-11-23,28254,CA,West
CA_1,11345,2013-11-30,29349,CA,West
CA_1,11346,2013-12-07,30528,CA,West
CA_1,11347,2013-12-14,29092,CA,West
CA_1,11348,2013-12-21,26633,CA,West
CA_1,11349,2013-12-28,29351,CA,West
CA_1,11350,2014-01-04,30078,CA,West
CA_1,11351,2014-01-11,28093,CA,West
CA_1,11352,2014-01-18,27342,CA,West
CA_1,11353,2014-01-25,26320,CA,West
CA_1,11401,2014-02-01,30494,CA,West
CA_1,11402,2014-02-08,30340,CA,West
CA_1,11403,2014-02-15,26544,CA,West
CA_1,11404,2014-02-22,26264,CA,West
CA_1,11405,2014-03-01,28700,CA,West
CA_1,11406,2014-03-08,29409,CA,West
CA_1,11407,2014-03-15,28114,CA,West
CA_1,11408,2014-03-22,28395,CA,West
CA_1,11409,2014-03-29,30490,CA,West
CA_1,11410,2014-04-05,33012,CA,West
CA_1,11411,2014-04-12,31475,CA,West
CA_1,11412,2014-04-19,29715,CA,West
CA_1,11413,2014-04-26,30481,CA,West
CA_1,11414,2014-05-03,32278,CA,West
CA_1,11415,2014-05-10,28995,CA,West
CA_1,11416,2014-05-17,28518,CA,West
CA_1,11417,2014-05-24,27721,CA,West
CA_1,11418,2014-05-31,31227,CA,West
CA_1,11419,2014-06-07,32133,CA,West
CA_1,11420,2014-06-14,30831,CA,West
CA_1,11421,2014-06-21,29546,CA,West
CA_1,11422,2014-06-28,33427,CA,West
CA_1,11423,2014-07-05,32953,CA,West
CA_1,11424,2014-07-12,31523,CA,West
CA_1,11425,2014-07-19,30794,CA,West
CA_1,11426,2014-07-26,31503,CA,West
CA_1,11427,2014-08-02,34458,CA,West
CA_1,11428,2014-08-09,32446,CA,West
CA_1,11429,2014-08-16,31970,CA,West
CA_1,11430,2014-08-23,30990,CA,West
CA_1,11431,2014-08-30,32538,CA,West
CA_1,11432,2014-09-06,31984,CA,West
CA_1,11433,2014-09-13,29588,CA,West
CA_1,11434,2014-09-20,29630,CA,West
CA_1,11435,2014-09-27,31981,CA,West
CA_1,11436,2014-10-04,34107,CA,West
CA_1,11437,2014-10-11,30273,CA,West
CA_1,11438,2014-10-18,30909,CA,West
CA_1,11439,2014-10-25,29495,CA,West
CA_1,11440,2014-11-01,33710,CA,West
CA_1,11441,2014-11-08,30768,CA,West
CA_1,11442,2014-11-15,29081,CA,West
CA_1,11443,2014-11-22,29955,CA,West
CA_1,11444,2014-11-29,28758,CA,West
CA_1,11445,2014-12-06,29692,CA,West
CA_1,11446,2014-12-13,29480,CA,West
CA_1,11447,2014-12-20,27182,CA,West
CA_1,11448,2014-12-27,28008,CA,West
CA_1,11449,2015-01-03,30065,CA,West
CA_1,11450,2015-01-10,29583,CA,West
CA_1,11451,2015-01-17,28341,CA,West
CA_1,11452,2015-01-24,27942,CA,West
CA_1,11501,2015-01-31,31050,CA,West
CA_1,11502,2015-02-07,33336,CA,West
CA_1,11503,2015-02-14,27662,CA,West
CA_1,11504,2015-02-21,26945,CA,West
CA_1,11505,2015-02-28,30792,CA,West
CA_1,11506,2015-03-07,30138,CA,West
CA_1,11507,2015-03-14,29071,CA,West
CA_1,11508,2015-03-21,28938,CA,West
CA_1,11509,2015-03-28,32926,CA,West
CA_1,11510,2015-04-04,31540,CA,West
CA_1,11511,2015-04-11,31097,CA,West
CA_1,11512,2015-04-18,30727,CA,West
CA_1,11513,2015-04-25,31502,CA,West
CA_1,11514,2015-05-02,34191,CA,West
CA_1,11515,2015-05-09,31086,CA,West
CA_1,11516,2015-05-16,30711,CA,West
CA_1,11517,2015-05-23,30201,CA,West
CA_1,11518,2015-05-30,32777,CA,West
CA_1,11519,2015-06-06,32815,CA,West
CA_1,11520,2015-06-13,32285,CA,West
CA_1,11521,2015-06-20,30975,CA,West
CA_1,11522,2015-06-27,34849,CA,West
CA_1,11523,2015-07-04,32283,CA,West
CA_1,11524,2015-07-11,32445,CA,West
CA_1,11525,2015-07-18,31313,CA,West
CA_1,11526,2015-07-25,31124,CA,West
CA_1,11527,2015-08-01,35705,CA,West
CA_1,11528,2015-08-08,33303,CA,West
CA_1,11529,2015-08-15,32060,CA,West
CA_1,11530,2015-08-22,29699,CA,West
CA_1,11531,2015-08-29,32224,CA,West
CA_1,11532,2015-09-05,33013,CA,West
CA_1,11533,2015-09-12,31433,CA,West
CA_1,11534,2015-09-19,31688,CA,West
CA_1,11535,2015-09-26,31068,CA,West
CA_1,11536,2015-10-03,34782,CA,West
CA_1,11537,2015-10-10,32203,CA,West
CA_1,11538,2015-10-17,30611,CA,West
CA_1,11539,2015-10-24,30091,CA,West
CA_1,11540,2015-10-31,30197,CA,West
CA_1,11541,2015-11-07,29107,CA,West
CA_1,11542,2015-11-14,28725,CA,West
CA_1,11543,2015-11-21,28572,CA,West
CA_1,11544,2015-11-28,27530,CA,West
CA_1,11545,2015-12-05,28715,CA,West
CA_1,11546,2015-12-12,28945,CA,West
CA_1,11547,2015-12-19,27164,CA,West
CA_1,11548,2015-12-26,26923,CA,West
CA_1,11549,2016-01-02,29285,CA,West
CA_1,11550,2016-01-09,29798,CA,West
CA_1,11551,2016-01-16,29335,CA,West
CA_1,11552,2016-01-23,28232,CA,West
CA_1,11601,2016-01-30,31608,CA,West
CA_1,11602,2016-02-06,31380,CA,West
CA_1,11603,2016-02-13,30613,CA,West
CA_1,11604,2016-02-20,29260,CA,West
CA_1,11605,2016-02-27,30840,CA,West
CA_1,11606,2016-03-05,32380,CA,West
CA_1,11607,2016-03-12,30227,CA,West
CA_1,11608,2016-03-19,32518,CA,West
CA_1,11609,2016-03-26,30899,CA,West
CA_1,11610,2016-04-02,33586,CA,West
CA_1,11611,2016-04-09,31241,CA,West
CA_1,11612,2016-04-16,31347,CA,West
CA_1,11613,2016-04-23,31771,CA,West
CA_1,11614,2016-04-30,34639,CA,West
CA_1,11615,2016-05-07,33226,CA,West
CA_1,11616,2016-05-14,34033,CA,West
CA_2,11101,2011-01-29,17844,CA,West
CA_2,11102,2011-02-05,17948,CA,West
CA_2,11103,2011-02-12,16185,CA,West
CA_2,11104,2011-02-19,16268,CA,West
CA_2,11105,2011-02-26,16012,CA,West
CA_2,11106,2011-03-05,16721,CA,West
CA_2,11107,2011-03-12,16894,CA,West
CA_2,11108,2011-03-19,17371,CA,West
CA_2,11109,2011-03-26,18047,CA,West
CA_2,11110,2011-04-02,17817,CA,West
CA_2,11111,2011-04-09,17043,CA,West
CA_2,11112,2011-04-16,16312,CA,West
CA_2,11113,2011-04-23,15601,CA,West
CA_2,11114,2011-04-30,16028,CA,West
CA_2,11115,2011-05-07,15456,CA,West
CA_2,11116,2011-05-14,15592,CA,West
CA_2,11117,2011-05-21,15253,CA,West
CA_2,11118,2011-05-28,15045,CA,West
CA_2,11119,2011-06-04,16307,CA,West
CA_2,11120,2011-06-11,16835,CA,West
CA_2,11121,2011-06-18,16400,CA,West
CA_2,11122,2011-06-25,16636,CA,West
CA_2,11123,2011-07-02,18351,CA,West
CA_2,11124,2011-07-09,17002,CA,West
CA_2,11125,2011-07-16,17529,CA,West
CA_2,11126,2011-07-23,17398,CA,West
CA_2,11127,2011-07-30,17055,CA,West
CA_2,11128,2011-08-06,17042,CA,West
CA_2,11129,2011-08-13,17357,CA,West
CA_2,11130,2011-08-20,17114,CA,West
CA_2,11131,2011-08-27,17064,CA,West
CA_2,11132,2011-09-03,16782,CA,West
CA_2,11133,2011-09-10,16810,CA,West
CA_2,11134,2011-09-17,18004,CA,West
CA_2,11135,2011-09-24,18640,CA,West
CA_2,11136,2011-10-01,18766,CA,West
CA_2,11137,2011-10-08,18517,CA,West
CA_2,11138,2011-10-15,18114,CA,West
CA_2,11139,2011-10-22,17307,CA,West
CA_2,11140,2011-10-29,17910,CA,West
CA_2,11141,2011-11-05,18520,CA,West
CA_2,11142,2011-11-12,17784,CA,West
CA_2,11143,2011-11-19,17491,CA,West
CA_2,11144,2011-11-26,16369,CA,West
CA_2,11145,2011-12-03,18647,CA,West
CA_2,11146,2011-12-10,18637,CA,West
CA_2,11147,2011-12-17,20268,CA,West
CA_2,11148,2011-12-24,15442,CA,West
CA_2,11149,2011-12-31,16143,CA,West
CA_2,11150,2012-01-07,17486,CA,West
CA_2,11151,2012-01-14,17645,CA,West
CA_2,11152,2012-01-21,17498,CA,West
CA_2,11201,2012-01-28,18682,CA,West
CA_2,11202,2012-02-04,18824,CA,West
CA_2,11203,2012-02-11,18516,CA,West
CA_2,11204,2012-02-18,19212,CA,West
CA_2,11205,2012-02-25,18692,CA,West
CA_2,11206,2012-03-03,19975,CA,West
CA_2,11207,2012-03-10,19125,CA,West
CA_2,11208,2012-03-17,20005,CA,West
CA_2,11209,2012-03-24,18784,CA,West
CA_2,11210,2012-03-31,20374,CA,West
CA_2,11211,2012-04-07,20057,CA,West
CA_2,11212,2012-04-14,18863,CA,West
CA_2,11213,2012-04-21,19423,CA,West
CA_2,11214,2012-04-28,20209,CA,West
CA_2,11215,2012-05-05,20478,CA,West
CA_2,11216,2012-05-12,19010,CA,West
CA_2,11217,2012-05-19,19530,CA,West
CA_2,11218,2012-05-26,20324,CA,West
CA_2,11219,2012-06-02,20531,CA,West
CA_2,11220,2012-06-09,22675,CA,West
CA_2,11221,2012-06-16,22308,CA,West
CA_2,11222,2012-06-23,20893,CA,West
CA_2,11223,2012-06-30,21765,CA,West
CA_2,11224,2012-07-07,21049,CA,West
CA_2,11225,2012-07-14,21493,CA,West
CA_2,11226,2012-07-21,20871,CA,West
CA_2,11227,2012-07-28,20327,CA,West
CA_2,11228,2012-08-04,21148,CA,West
CA_2,11229,2012-08-11,22540,CA,West
CA_2,11230,2012-08-18,22503,CA,West
CA_2,11231,2012-08-25,20706,CA,West
CA_2,11232,2012-09-01,21456,CA,West
CA_2,11233,2012-09-08,21461,CA,West
CA_2,11234,2012-09-15,20973,CA,West
CA_2,11235,2012-09-22,20514,CA,West
CA_2,11236,2012-09-29,20550,CA,West
CA_2,11237,2012-10-06,19707,CA,West
CA_2,11238,2012-10-13,19694,CA,West
CA_2,11239,2012-10-20,19493,CA,West
CA_2,11240,2012-10-27,19247,CA,West
CA_2,11241,2012-11-03,18986,CA,West
CA_2,11242,2012-11-10,18316,CA,West
CA_2,11243,2012-11-17,17603,CA,West
CA_2,11244,2012-11-24,16006,CA,West
CA_2,11245,2012-12-01,19457,CA,West
CA_2,11246,2012-12-08,18470,CA,West
CA_2,11247,2012-12-15,19885,CA,West
CA_2,11248,2012-12-22,17175,CA,West
CA_2,11249,2012-12-29,18036,CA,West
CA_2,11250,2013-01-05,18210,CA,West
CA_2,11251,2013-01-12,19252,CA,West
CA_2,11252,2013-01-19,18332,CA,West
CA_2,11301,2013-01-26,19894,CA,West
CA_2,11302,2013-02-02,18728,CA,West
CA_2,11303,2013-02-09,20502,CA,West
CA_2,11304,2013-02-16,20107,CA,West
CA_2,11305,2013-02-23,21534,CA,West
CA_2,11306,2013-03-02,20961,CA,West
CA_2,11307,2013-03-09,21377,CA,West
CA_2,11308,2013-03-16,20312,CA,West
CA_2,11309,2013-03-23,21080,CA,West
CA_2,11310,2013-03-30,21645,CA,West
CA_2,11311,2013-04-06,21208,CA,West
CA_2,11312,2013-04-13,20774,CA,West
CA_2,11313,2013-04-20,20650,CA,West
CA_2,11314,2013-04-27,21142,CA,West
CA_2,11315,2013-05-04,21114,CA,West
CA_2,11316,2013-05-11,20296,CA,West
CA_2,11317,2013-05-18,22044,CA,West
CA_2,11318,2013-05-25,22260,CA,West
CA_2,11319,2013-06-01,23367,CA,West
CA_2,11320,2013-06-08,23095,CA,West
CA_2,11321,2013-06-15,21919,CA,West
CA_2,11322,2013-06-22,23557,CA,West
CA_2,11323,2013-06-29,25369,CA,West
CA_2,11324,2013-07-06,21798,CA,West
CA_2,11325,2013-07-13,22899,CA,West
CA_2,11326,2013-07-20,23019,CA,West
CA_2,11327,2013-07-27,23032,CA,West
CA_2,11328,2013-08-03,22322,CA,West
CA_2,11329,2013-08-10,22949,CA,West
CA_2,11330,2013-08-17,24022,CA,West
CA_2,11331,2013-08-24,24245,CA,West
CA_2,11332,2013-08-31,24911,CA,West
CA_2,11333,2013-09-07,23984,CA,West
CA_2,11334,2013-09-14,22906,CA,West
CA_2,11335,2013-09-21,22865,CA,West
CA_2,11336,2013-09-28,23280,CA,West
CA_2,11337,2013-10-05,23180,CA,West
CA_2,11338,2013-10-12,22456,CA,West
CA_2,11339,2013-10-19,21482,CA,West
CA_2,11340,2013-10-26,22016,CA,West
CA_2,11341,2013-11-02,20804,CA,West
CA_2,11342,2013-11-09,20373,CA,West
CA_2,11343,2013-11-16,20649,CA,West
CA_2,11344,2013-11-23,19300,CA,West
CA_2,11345,2013-11-30,20029,CA,West
CA_2,11346,2013-12-07,20352,CA,West
CA_2,11347,2013-12-14,20704,CA,West
CA_2,11348,2013-12-21,17959,CA,West
CA_2,11349,2013-12-28,18963,CA,West
CA_2,11350,2014-01-04,19442,CA,West
CA_2,11351,2014-01-11,20722,CA,West
CA_2,11352,2014-01-18,20551,CA,West
CA_2,11353,2014-01-25,20208,CA,West
CA_2,11401,2014-02-01,20633,CA,West
CA_2,11402,2014-02-08,22303,CA,West
CA_2,11403,2014-02-15,21352,CA,West
CA_2,11404,2014-02-22,20486,CA,West
CA_2,11405,2014-03-01,21947,CA,West
CA_2,11406,2014-03-08,21281,CA,West
CA_2,11407,2014-03-15,21228,CA,West
CA_2,11408,2014-03-22,21601,CA,West
CA_2,11409,2014-03-29,21460,CA,West
CA_2,11410,2014-04-05,21299,CA,West
CA_2,11411,2014-04-12,21209,CA,West
CA_2,11412,2014-04-19,20018,CA,West
CA_2,11413,2014-04-26,21331,CA,West
CA_2,11414,2014-05-03,19865,CA,West
CA_2,11415,2014-05-10,19150,CA,West
CA_2,11416,2014-05-17,20096,CA,West
CA_2,11417,2014-05-24,18691,CA,West
CA_2,11418,2014-05-31,19792,CA,West
CA_2,11419,2014-06-07,18821,CA,West
CA_2,11420,2014-06-14,19508,CA,West
CA_2,11421,2014-06-21,20147,CA,West
CA_2,11422,2014-06-28,21172,CA,West
CA_2,11423,2014-07-05,19454,CA,West
CA_2,11424,2014-07-12,19998,CA,West
CA_2,11425,2014-07-19,19621,CA,West
CA_2,11426,2014-07-26,18981,CA,West
CA_2,11427,2014-08-02,19119,CA,West
CA_2,11428,2014-08-09,18848,CA,West
CA_2,11429,2014-08-16,20016,CA,West
CA_2,11430,2014-08-23,18981,CA,West
CA_2,11431,2014-08-30,18962,CA,West
CA_2,11432,2014-09-06,18650,CA,West
CA_2,11433,2014-09-13,19854,CA,West
CA_2,11434,2014-09-20,18719,CA,West
CA_2,11435,2014-09-27,18547,CA,West
CA_2,11436,2014-10-04,17546,CA,West
CA_2,11437,2014-10-11,16886,CA,West
CA_2,11438,2014-10-18,16599,CA,West
CA_2,11439,2014-10-25,17349,CA,West
CA_2,11440,2014-11-01,16955,CA,West
CA_2,11441,2014-11-08,17380,CA,West
CA_2,11442,2014-11-15,16886,CA,West
CA_2,11443,2014-11-22,17420,CA,West
CA_2,11444,2014-11-29,17467,CA,West
CA_2,11445,2014-12-06,18062,CA,West
CA_2,11446,2014-12-13,17767,CA,West
CA_2,11447,2014-12-20,16683,CA,West
CA_2,11448,2014-12-27,16648,CA,West
CA_2,11449,2015-01-03,17149,CA,West
CA_2,11450,2015-01-10,17918,CA,West
CA_2,11451,2015-01-17,16972,CA,West
CA_2,11452,2015-01-24,16237,CA,West
CA_2,11501,2015-01-31,16716,CA,West
CA_2,11502,2015-02-07,17934,CA,West
CA_2,11503,2015-02-14,15352,CA,West
CA_2,11504,2015-02-21,15908,CA,West
CA_2,11505,2015-02-28,16802,CA,West
CA_2,11506,2015-03-07,17016,CA,West
CA_2,11507,2015-03-14,17055,CA,West
CA_2,11508,2015-03-21,17233,CA,West
CA_2,11509,2015-03-28,17876,CA,West
CA_2,11510,2015-04-04,17144,CA,West
CA_2,11511,2015-04-11,15846,CA,West
CA_2,11512,2015-04-18,16819,CA,West
CA_2,11513,2015-04-25,17219,CA,West
CA_2,11514,2015-05-02,17119,CA,West
CA_2,11515,2015-05-09,16152,CA,West
CA_2,11516,2015-05-16,17312,CA,West
CA_2,11517,2015-05-23,18134,CA,West
CA_2,11518,2015-05-30,21730,CA,West
CA_2,11519,2015-06-06,23964,CA,West
CA_2,11520,2015-06-13,24385,CA,West
CA_2,11521,2015-06-20,24073,CA,West
CA_2,11522,2015-06-27,27818,CA,West
CA_2,11523,2015-07-04,24545,CA,West
CA_2,11524,2015-07-11,27344,CA,West
CA_2,11525,2015-07-18,27079,CA,West
CA_2,11526,2015-07-25,26275,CA,West
CA_2,11527,2015-08-01,28257,CA,West
CA_2,11528,2015-08-08,28401,CA,West
CA_2,11529,2015-08-15,29242,CA,West
CA_2,11530,2015-08-22,27617,CA,West
CA_2,11531,2015-08-29,29662,CA,West
CA_2,11532,2015-09-05,29602,CA,West
CA_2,11533,2015-09-12,28355,CA,West
CA_2,11534,2015-09-19,29183,CA,West
CA_2,11535,2015-09-26,29358,CA,West
CA_2,11536,2015-10-03,30420,CA,West
CA_2,11537,2015-10-10,29251,CA,West
CA_2,11538,2015-10-17,29024,CA,West
CA_2,11539,2015-10-24,29029,CA,West
CA_2,11540,2015-10-31,28331,CA,West
CA_2,11541,2015-11-07,27747,CA,West
CA_2,11542,2015-11-14,27231,CA,West
CA_2,11543,2015-11-21,27634,CA,West
CA_2,11544,2015-11-28,26099,CA,West
CA_2,11545,2015-12-05,27360,CA,West
CA_2,11546,2015-12-12,27717,CA,West
CA_2,11547,2015-12-19,26687,CA,West
CA_2,11548,2015-12-26,27912,CA,West
CA_2,11549,2016-01-02,27229,CA,West
CA_2,11550,2016-01-09,28555,CA,West
CA_2,11551,2016-01-16,28834,CA,West
CA_2,11552,2016-01-23,28502,CA,West
CA_2,11601,2016-01-30,29647,CA,West
CA_2,11602,2016-02-06,29239,CA,West
CA_2,11603,2016-02-13,29617,CA,West
CA_2,11604,2016-02-20,29143,CA,West
CA_2,11605,2016-02-27,29912,CA,West
CA_2,11606,2016-03-05,30820,CA,West
CA_2,11607,2016-03-12,30142,CA,West
CA_2,11608,2016-03-19,23667,CA,West
CA_2,11609,2016-03-26,32022,CA,West
CA_2,11610,2016-04-02,31979,CA,West
CA_2,11611,2016-04-09,31765,CA,West
CA_2,11612,2016-04-16,30024,CA,West
CA_2,11613,2016-04-23,31080,CA,West
CA_2,11614,2016-04-30,33708,CA,West
CA_2,11615,2016-05-07,32369,CA,West
CA_2,11616,2016-05-14,33995,CA,West
CA_3,11101,2011-01-29,30472,CA,West
CA_3,11102,2011-02-05,33726,CA,West
CA_3,11103,2011-02-12,28088,CA,West
CA_3,11104,2011-02-19,27939,CA,West
CA_3,11105,2011-02-26,28246,CA,West
CA_3,11106,2011-03-05,30907,CA,West
CA_3,11107,2011-03-12,29002,CA,West
CA_3,11108,2011-03-19,28388,CA,West
CA_3,11109,2011-03-26,28318,CA,West
CA_3,11110,2011-04-02,31834,CA,West
CA_3,11111,2011-04-09,29744,CA,West
CA_3,11112,2011-04-16,27232,CA,West
CA_3,11113,2011-04-23,24772,CA,West
CA_3,11114,2011-04-30,28615,CA,West
CA_3,11115,2011-05-07,28450,CA,West
CA_3,11116,2011-05-14,25990,CA,West
CA_3,11117,2011-05-21,26360,CA,West
CA_3,11118,2011-05-28,28330,CA,West
CA_3,11119,2011-06-04,32721,CA,West
CA_3,11120,2011-06-11,30170,CA,West
CA_3,11121,2011-06-18,30417,CA,West
CA_3,11122,2011-06-25,29113,CA,West
CA_3,11123,2011-07-02,34241,CA,West
CA_3,11124,2011-07-09,31021,CA,West
CA_3,11125,2011-07-16,30055,CA,West
CA_3,11126,2011-07-23,28850,CA,West
CA_3,11127,2011-07-30,32455,CA,West
CA_3,11128,2011-08-06,34632,CA,West
CA_3,11129,2011-08-13,33739,CA,West
CA_3,11130,2011-08-20,31993,CA,West
CA_3,11131,2011-08-27,30926,CA,West
CA_3,11132,2011-09-03,35983,CA,West
CA_3,11133,2011-09-10,32630,CA,West
CA_3,11134,2011-09-17,31706,CA,West
CA_3,11135,2011-09-24,32749,CA,West
CA_3,11136,2011-10-01,38805,CA,West
CA_3,11137,2011-10-08,37943,CA,West
CA_3,11138,2011-10-15,35240,CA,West
CA_3,11139,2011-10-22,32778,CA,West
CA_3,11140,2011-10-29,35174,CA,West
CA_3,11141,2011-11-05,37930,CA,West
CA_3,11142,2011-11-12,33803,CA,West
CA_3,11143,2011-11-19,33352,CA,West
CA_3,11144,2011-11-26,30545,CA,West
CA_3,11145,2011-12-03,38180,CA,West
CA_3,11146,2011-12-10,36651,CA,West
CA_3,11147,2011-12-17,35424,CA,West
CA_3,11148,2011-12-24,29653,CA,West
CA_3,11149,2011-12-31,35678,CA,West
CA_3,11150,2012-01-07,38525,CA,West
CA_3,11151,2012-01-14,35295,CA,West
CA_3,11152,2012-01-21,35198,CA,West
CA_3,11201,2012-01-28,38068,CA,West
CA_3,11202,2012-02-04,43328,CA,West
CA_3,11203,2012-02-11,39838,CA,West
CA_3,11204,2012-02-18,39364,CA,West
CA_3,11205,2012-02-25,38873,CA,West
CA_3,11206,2012-03-03,45691,CA,West
CA_3,11207,2012-03-10,41675,CA,West
CA_3,11208,2012-03-17,38967,CA,West
CA_3,11209,2012-03-24,37763,CA,West
CA_3,11210,2012-03-31,42822,CA,West
CA_3,11211,2012-04-07,41869,CA,West
CA_3,11212,2012-04-14,36010,CA,West
CA_3,11213,2012-04-21,35547,CA,West
CA_3,11214,2012-04-28,38856,CA,West
CA_3,11215,2012-05-05,41279,CA,West
CA_3,11216,2012-05-12,37888,CA,West
CA_3,11217,2012-05-19,38625,CA,West
CA_3,11218,2012-05-26,38659,CA,West
CA_3,11219,2012-06-02,44685,CA,West
CA_3,11220,2012-06-09,46048,CA,West
CA_3,11221,2012-06-16,43146,CA,West
CA_3,11222,2012-06-23,40679,CA,West
CA_3,11223,2012-06-30,44818,CA,West
CA_3,11224,2012-07-07,44932,CA,West
CA_3,11225,2012-07-14,42153,CA,West
CA_3,11226,2012-07-21,41255,CA,West
CA_3,11227,2012-07-28,41914,CA,West
CA_3,11228,2012-08-04,46640,CA,West
CA_3,11229,2012-08-11,47221,CA,West
CA_3,11230,2012-08-18,42617,CA,West
CA_3,11231,2012-08-25,40345,CA,West
CA_3,11232,2012-09-01,45464,CA,West
CA_3,11233,2012-09-08,44526,CA,West
CA_3,11234,2012-09-15,40608,CA,West
CA_3,11235,2012-09-22,39663,CA,West
CA_3,11236,2012-09-29,45423,CA,West
CA_3,11237,2012-10-06,43384,CA,West
CA_3,11238,2012-10-13,38535,CA,West
CA_3,11239,2012-10-20,36043,CA,West
CA_3,11240,2012-10-27,37192,CA,West
CA_3,11241,2012-11-03,41004,CA,West
CA_3,11242,2012-11-10,37679,CA,West
CA_3,11243,2012-11-17,35344,CA,West
CA_3,11244,2012-11-24,30937,CA,West
CA_3,11245,2012-12-01,38952,CA,West
CA_3,11246,2012-12-08,37663,CA,West
CA_3,11247,2012-12-15,36783,CA,West
CA_3,11248,2012-12-22,32461,CA,West
CA_3,11249,2012-12-29,38226,CA,West
CA_3,11250,2013-01-05,41113,CA,West
CA_3,11251,2013-01-12,38421,CA,West
CA_3,11252,2013-01-19,36037,CA,West
CA_3,11301,2013-01-26,36520,CA,West
CA_3,11302,2013-02-02,39362,CA,West
CA_3,11303,2013-02-09,38968,CA,West
CA_3,11304,2013-02-16,38836,CA,West
CA_3,11305,2013-02-23,40017,CA,West
CA_3,11306,2013-03-02,42573,CA,West
CA_3,11307,2013-03-09,41632,CA,West
CA_3,11308,2013-03-16,39519,CA,West
CA_3,11309,2013-03-23,38001,CA,West
CA_3,11310,2013-03-30,40761,CA,West
CA_3,11311,2013-04-06,44294,CA,West
CA_3,11312,2013-04-13,41651,CA,West
CA_3,11313,2013-04-20,40787,CA,West
CA_3,11314,2013-04-27,41708,CA,West
CA_3,11315,2013-05-04,43622,CA,West
CA_3,11316,2013-05-11,43105,CA,West
CA_3,11317,2013-05-18,41684,CA,West
CA_3,11318,2013-05-25,39798,CA,West
CA_3,11319,2013-06-01,47408,CA,West
CA_3,11320,2013-06-08,48577,CA,West
CA_3,11321,2013-06-15,43699,CA,West
CA_3,11322,2013-06-22,44191,CA,West
CA_3,11323,2013-06-29,53713,CA,West
CA_3,11324,2013-07-06,47813,CA,West
CA_3,11325,2013-07-13,43813,CA,West
CA_3,11326,2013-07-20,44845,CA,West
CA_3,11327,2013-07-27,45941,CA,West
CA_3,11328,2013-08-03,49082,CA,West
CA_3,11329,2013-08-10,46825,CA,West
CA_3,11330,2013-08-17,46396,CA,West
CA_3,11331,2013-08-24,47250,CA,West
CA_3,11332,2013-08-31,49674,CA,West
CA_3,11333,2013-09-07,51569,CA,West
CA_3,11334,2013-09-14,47656,CA,West
CA_3,11335,2013-09-21,45225,CA,West
CA_3,11336,2013-09-28,44969,CA,West
CA_3,11337,2013-10-05,49684,CA,West
CA_3,11338,2013-10-12,44401,CA,West
CA_3,11339,2013-10-19,42735,CA,West
CA_3,11340,2013-10-26,43357,CA,West
CA_3,11341,2013-11-02,47715,CA,West
CA_3,11342,2013-11-09,43919,CA,West
CA_3,11343,2013-11-16,40381,CA,West
CA_3,11344,2013-11-23,36590,CA,West
CA_3,11345,2013-11-30,42012,CA,West
CA_3,11346,2013-12-07,42324,CA,West
CA_3,11347,2013-12-14,39621,CA,West
CA_3,11348,2013-12-21,34829,CA,West
CA_3,11349,2013-12-28,40493,CA,West
CA_3,11350,2014-01-04,44206,CA,West
CA_3,11351,2014-01-11,43377,CA,West
CA_3,11352,2014-01-18,41857,CA,West
CA_3,11353,2014-01-25,39006,CA,West
CA_3,11401,2014-02-01,43839,CA,West
CA_3,11402,2014-02-08,45988,CA,West
CA_3,11403,2014-02-15,41440,CA,West
CA_3,11404,2014-02-22,38349,CA,West
CA_3,11405,2014-03-01,43652,CA,West
CA_3,11406,2014-03-08,46412,CA,West
CA_3,11407,2014-03-15,41296,CA,West
CA_3,11408,2014-03-22,41533,CA,West
CA_3,11409,2014-03-29,44475,CA,West
CA_3,11410,2014-04-05,50121,CA,West
CA_3,11411,2014-04-12,44881,CA,West
CA_3,11412,2014-04-19,44732,CA,West
CA_3,11413,2014-04-26,46211,CA,West
CA_3,11414,2014-05-03,47961,CA,West
CA_3,11415,2014-05-10,45696,CA,West
CA_3,11416,2014-05-17,42623,CA,West
CA_3,11417,2014-05-24,40613,CA,West
CA_3,11418,2014-05-31,48414,CA,West
CA_3,11419,2014-06-07,48276,CA,West
CA_3,11420,2014-06-14,46167,CA,West
CA_3,11421,2014-06-21,44761,CA,West
CA_3,11422,2014-06-28,51341,CA,West
CA_3,11423,2014-07-05,50007,CA,West
CA_3,11424,2014-07-12,46457,CA,West
CA_3,11425,2014-07-19,44945,CA,West
CA_3,11426,2014-07-26,46745,CA,West
CA_3,11427,2014-08-02,50269,CA,West
CA_3,11428,2014-08-09,47740,CA,West
CA_3,11429,2014-08-16,47836,CA,West
CA_3,11430,2014-08-23,47071,CA,West
CA_3,11431,2014-08-30,46598,CA,West
CA_3,11432,2014-09-06,48787,CA,West
CA_3,11433,2014-09-13,47010,CA,West
CA_3,11434,2014-09-20,46488,CA,West
CA_3,11435,2014-09-27,46249,CA,West
CA_3,11436,2014-10-04,49000,CA,West
CA_3,11437,2014-10-11,42797,CA,West
CA_3,11438,2014-10-18,43106,CA,West
CA_3,11439,2014-10-25,40054,CA,West
CA_3,11440,2014-11-01,46629,CA,West
CA_3,11441,2014-11-08,44009,CA,West
CA_3,11442,2014-11-15,40609,CA,West
CA_3,11443,2014-11-22,40896,CA,West
CA_3,11444,2014-11-29,40996,CA,West
CA_3,11445,2014-12-06,40803,CA,West
CA_3,11446,2014-12-13,36609,CA,West
CA_3,11447,2014-12-20,32952,CA,West
CA_3,11448,2014-12-27,37211,CA,West
CA_3,11449,2015-01-03,40116,CA,West
CA_3,11450,2015-01-10,40671,CA,West
CA_3,11451,2015-01-17,42114,CA,West
CA_3,11452,2015-01-24,40760,CA,West
CA_3,11501,2015-01-31,44792,CA,West
CA_3,11502,2015-02-07,48152,CA,West
CA_3,11503,2015-02-14,40628,CA,West
CA_3,11504,2015-02-21,39723,CA,West
CA_3,11505,2015-02-28,44048,CA,West
CA_3,11506,2015-03-07,46348,CA,West
CA_3,11507,2015-03-14,43892,CA,West
CA_3,11508,2015-03-21,42668,CA,West
CA_3,11509,2015-03-28,44366,CA,West
CA_3,11510,2015-04-04,46948,CA,West
CA_3,11511,2015-04-11,42196,CA,West
CA_3,11512,2015-04-18,41571,CA,West
CA_3,11513,2015-04-25,43070,CA,West
CA_3,11514,2015-05-02,45831,CA,West
CA_3,11515,2015-05-09,42861,CA,West
CA_3,11516,2015-05-16,42302,CA,West
CA_3,11517,2015-05-23,41042,CA,West
CA_3,11518,2015-05-30,46365,CA,West
CA_3,11519,2015-06-06,49179,CA,West
CA_3,11520,2015-06-13,45334,CA,West
CA_3,11521,2015-06-20,43040,CA,West
CA_3,11522,2015-06-27,49290,CA,West
CA_3,11523,2015-07-04,45331,CA,West
CA_3,11524,2015-07-11,46481,CA,West
CA_3,11525,2015-07-18,45713,CA,West
CA_3,11526,2015-07-25,43746,CA,West
CA_3,11527,2015-08-01,49405,CA,West
CA_3,11528,2015-08-08,49114,CA,West
CA_3,11529,2015-08-15,48383,CA,West
CA_3,11530,2015-08-22,43975,CA,West
CA_3,11531,2015-08-29,46902,CA,West
CA_3,11532,2015-09-05,48619,CA,West
CA_3,11533,2015-09-12,45618,CA,West
CA_3,11534,2015-09-19,46646,CA,West
CA_3,11535,2015-09-26,44316,CA,West
CA_3,11536,2015-10-03,49684,CA,West
CA_3,11537,2015-10-10,44074,CA,West
CA_3,11538,2015-10-17,43259,CA,West
CA_3,11539,2015-10-24,42327,CA,West
CA_3,11540,2015-10-31,42683,CA,West
CA_3,11541,2015-11-07,41509,CA,West
CA_3,11542,2015-11-14,39179,CA,West
CA_3,11543,2015-11-21,37994,CA,West
CA_3,11544,2015-11-28,37833,CA,West
CA_3,11545,2015-12-05,40284,CA,West
CA_3,11546,2015-12-12,39850,CA,West
CA_3,11547,2015-12-19,32991,CA,West
CA_3,11548,2015-12-26,37142,CA,West
CA_3,11549,2016-01-02,41402,CA,West
CA_3,11550,2016-01-09,42422,CA,West
CA_3,11551,2016-01-16,41660,CA,West
CA_3,11552,2016-01-23,43866,CA,West
CA_3,11601,2016-01-30,45156,CA,West
CA_3,11602,2016-02-06,44751,CA,West
CA_3,11603,2016-02-13,45271,CA,West
CA_3,11604,2016-02-20,44406,CA,West
CA_3,11605,2016-02-27,45253,CA,West
CA_3,11606,2016-03-05,46676,CA,West
CA_3,11607,2016-03-12,44028,CA,West
CA_3,11608,2016-03-19,44658,CA,West
CA_3,11609,2016-03-26,43855,CA,West
CA_3,11610,2016-04-02,45959,CA,West
CA_3,11611,2016-04-09,44812,CA,West
CA_3,11612,2016-04-16,42834,CA,West
CA_3,11613,2016-04-23,42573,CA,West
CA_3,11614,2016-04-30,45825,CA,West
CA_3,11615,2016-05-07,43976,CA,West
CA_3,11616,2016-05-14,42909,CA,West
CA_4,11101,2011-01-29,10622,CA,West
CA_4,11102,2011-02-05,10650,CA,West
CA_4,11103,2011-02-12,10058,CA,West
CA_4,11104,2011-02-19,9841,CA,West
CA_4,11105,2011-02-26,10387,CA,West
CA_4,11106,2011-03-05,10883,CA,West
CA_4,11107,2011-03-12,10282,CA,West
CA_4,11108,2011-03-19,9651,CA,West
CA_4,11109,2011-03-26,10254,CA,West
CA_4,11110,2011-04-02,10962,CA,West
CA_4,11111,2011-04-09,10644,CA,West
CA_4,11112,2011-04-16,10027,CA,West
CA_4,11113,2011-04-23,9268,CA,West
CA_4,11114,2011-04-30,10505,CA,West
CA_4,11115,2011-05-07,10448,CA,West
CA_4,11116,2011-05-14,9666,CA,West
CA_4,11117,2011-05-21,9954,CA,West
CA_4,11118,2011-05-28,9712,CA,West
CA_4,11119,2011-06-04,10696,CA,West
CA_4,11120,2011-06-11,10421,CA,West
CA_4,11121,2011-06-18,9705,CA,West
CA_4,11122,2011-06-25,9967,CA,West
CA_4,11123,2011-07-02,11171,CA,West
CA_4,11124,2011-07-09,10186,CA,West
CA_4,11125,2011-07-16,10589,CA,West
CA_4,11126,2011-07-23,10040,CA,West
CA_4,11127,2011-07-30,10345,CA,West
CA_4,11128,2011-08-06,10331,CA,West
CA_4,11129,2011-08-13,10936,CA,West
CA_4,11130,2011-08-20,11053,CA,West
CA_4,11131,2011-08-27,10753,CA,West
CA_4,11132,2011-09-03,11647,CA,West
CA_4,11133,2011-09-10,11585,CA,West
CA_4,11134,2011-09-17,12418,CA,West
CA_4,11135,2011-09-24,12744,CA,West
CA_4,11136,2011-10-01,13552,CA,West
CA_4,11137,2011-10-08,13382,CA,West
CA_4,11138,2011-10-15,13148,CA,West
CA_4,11139,2011-10-22,12480,CA,West
CA_4,11140,2011-10-29,13097,CA,West
CA_4,11141,2011-11-05,13341,CA,West
CA_4,11142,2011-11-12,12406,CA,West
CA_4,11143,2011-11-19,12068,CA,West
CA_4,11144,2011-11-26,12234,CA,West
CA_4,11145,2011-12-03,13462,CA,West
CA_4,11146,2011-12-10,12817,CA,West
CA_4,11147,2011-12-17,13637,CA,West
CA_4,11148,2011-12-24,10028,CA,West
CA_4,11149,2011-12-31,12365,CA,West
CA_4,11150,2012-01-07,13303,CA,West
CA_4,11151,2012-01-14,13598,CA,West
CA_4,11152,2012-01-21,13276,CA,West
CA_4,11201,2012-01-28,14284,CA,West
CA_4,11202,2012-02-04,14528,CA,West
CA_4,11203,2012-02-11,13355,CA,West
CA_4,11204,2012-02-18,12757,CA,West
CA_4,11205,2012-02-25,12932,CA,West
CA_4,11206,2012-03-03,14456,CA,West
CA_4,11207,2012-03-10,13831,CA,West
CA_4,11208,2012-03-17,13056,CA,West
CA_4,11209,2012-03-24,13538,CA,West
CA_4,11210,2012-03-31,15361,CA,West
CA_4,11211,2012-04-07,14154,CA,West
CA_4,11212,2012-04-14,13516,CA,West
CA_4,11213,2012-04-21,13678,CA,West
CA_4,11214,2012-04-28,13903,CA,West
CA_4,11215,2012-05-05,14371,CA,West
CA_4,11216,2012-05-12,13861,CA,West
CA_4,11217,2012-05-19,13806,CA,West
CA_4,11218,2012-05-26,14135,CA,West
CA_4,11219,2012-06-02,15425,CA,West
CA_4,11220,2012-06-09,15423,CA,West
CA_4,11221,2012-06-16,14619,CA,West
CA_4,11222,2012-06-23,14086,CA,West
CA_4,11223,2012-06-30,14097,CA,West
CA_4,11224,2012-07-07,14761,CA,West
CA_4,11225,2012-07-14,14431,CA,West
CA_4,11226,2012-07-21,14200,CA,West
CA_4,11227,2012-07-28,13915,CA,West
CA_4,11228,2012-08-04,15061,CA,West
CA_4,11229,2012-08-11,15087,CA,West
CA_4,11230,2012-08-18,14623,CA,West
CA_4,11231,2012-08-25,14450,CA,West
CA_4,11232,2012-09-01,14726,CA,West
CA_4,11233,2012-09-08,14909,CA,West
CA_4,11234,2012-09-15,14801,CA,West
CA_4,11235,2012-09-22,14683,CA,West
CA_4,11236,2012-09-29,15349,CA,West
CA_4,11237,2012-10-06,14400,CA,West
CA_4,11238,2012-10-13,13582,CA,West
CA_4,11239,2012-10-20,12647,CA,West
CA_4,11240,2012-10-27,12849,CA,West
CA_4,11241,2012-11-03,13987,CA,West
CA_4,11242,2012-11-10,13036,CA,West
CA_4,11243,2012-11-17,13030,CA,West
CA_4,11244,2012-11-24,12358,CA,West
CA_4,11245,2012-12-01,13825,CA,West
CA_4,11246,2012-12-08,13747,CA,West
CA_4,11247,2012-12-15,13858,CA,West
CA_4,11248,2012-12-22,11755,CA,West
CA_4,11249,2012-12-29,12994,CA,West
CA_4,11250,2013-01-05,13503,CA,West
CA_4,11251,2013-01-12,13595,CA,West
CA_4,11252,2013-01-19,13675,CA,West
CA_4,11301,2013-01-26,14495,CA,West
CA_4,11302,2013-02-02,15224,CA,West
CA_4,11303,2013-02-09,14470,CA,West
CA_4,11304,2013-02-16,13850,CA,West
CA_4,11305,2013-02-23,15045,CA,West
CA_4,11306,2013-03-02,14876,CA,West
CA_4,11307,2013-03-09,15130,CA,West
CA_4,11308,2013-03-16,14663,CA,West
CA_4,11309,2013-03-23,14737,CA,West
CA_4,11310,2013-03-30,15340,CA,West
CA_4,11311,2013-04-06,15994,CA,West
CA_4,11312,2013-04-13,15037,CA,West
CA_4,11313,2013-04-20,15131,CA,West
CA_4,11314,2013-04-27,15966,CA,West
CA_4,11315,2013-05-04,16007,CA,West
CA_4,11316,2013-05-11,15705,CA,West
CA_4,11317,2013-05-18,16392,CA,West
CA_4,11318,2013-05-25,15554,CA,West
CA_4,11319,2013-06-01,17221,CA,West
CA_4,11320,2013-06-08,17127,CA,West
CA_4,11321,2013-06-15,16199,CA,West
CA_4,11322,2013-06-22,16885,CA,West
CA_4,11323,2013-06-29,18566,CA,West
CA_4,11324,2013-07-06,16782,CA,West
CA_4,11325,2013-07-13,16917,CA,West
CA_4,11326,2013-07-20,16542,CA,West
CA_4,11327,2013-07-27,16542,CA,West
CA_4,11328,2013-08-03,16755,CA,West
CA_4,11329,2013-08-10,16864,CA,West
CA_4,11330,2013-08-17,16974,CA,West
CA_4,11331,2013-08-24,17450,CA,West
CA_4,11332,2013-08-31,17500,CA,West
CA_4,11333,2013-09-07,17792,CA,West
CA_4,11334,2013-09-14,17147,CA,West
CA_4,11335,2013-09-21,16950,CA,West
CA_4,11336,2013-09-28,17143,CA,West
CA_4,11337,2013-10-05,17248,CA,West
CA_4,11338,2013-10-12,16403,CA,West
CA_4,11339,2013-10-19,16352,CA,West
CA_4,11340,2013-10-26,16397,CA,West
CA_4,11341,2013-11-02,16260,CA,West
CA_4,11342,2013-11-09,15777,CA,West
CA_4,11343,2013-11-16,15208,CA,West
CA_4,11344,2013-11-23,14653,CA,West
CA_4,11345,2013-11-30,15429,CA,West
CA_4,11346,2013-12-07,14904,CA,West
CA_4,11347,2013-12-14,14822,CA,West
CA_4,11348,2013-12-21,13622,CA,West
CA_4,11349,2013-12-28,14195,CA,West
CA_4,11350,2014-01-04,15641,CA,West
CA_4,11351,2014-01-11,16457,CA,West
CA_4,11352,2014-01-18,15902,CA,West
CA_4,11353,2014-01-25,15361,CA,West
CA_4,11401,2014-02-01,16969,CA,West
CA_4,11402,2014-02-08,16330,CA,West
CA_4,11403,2014-02-15,14648,CA,West
CA_4,11404,2014-02-22,15351,CA,West
CA_4,11405,2014-03-01,16266,CA,West
CA_4,11406,2014-03-08,15926,CA,West
CA_4,11407,2014-03-15,15969,CA,West
CA_4,11408,2014-03-22,15975,CA,West
CA_4,11409,2014-03-29,16028,CA,West
CA_4,11410,2014-04-05,17869,CA,West
CA_4,11411,2014-04-12,16776,CA,West
CA_4,11412,2014-04-19,16087,CA,West
CA_4,11413,2014-04-26,15544,CA,West
CA_4,11414,2014-05-03,16022,CA,West
CA_4,11415,2014-05-10,16411,CA,West
CA_4,11416,2014-05-17,15952,CA,West
CA_4,11417,2014-05-24,15716,CA,West
CA_4,11418,2014-05-31,17357,CA,West
CA_4,11419,2014-06-07,17921,CA,West
CA_4,11420,2014-06-14,17110,CA,West
CA_4,11421,2014-06-21,16388,CA,West
CA_4,11422,2014-06-28,17530,CA,West
CA_4,11423,2014-07-05,17433,CA,West
CA_4,11424,2014-07-12,16195,CA,West
CA_4,11425,2014-07-19,16068,CA,West
CA_4,11426,2014-07-26,16377,CA,West
CA_4,11427,2014-08-02,17197,CA,West
CA_4,11428,2014-08-09,16772,CA,West
CA_4,11429,2014-08-16,16518,CA,West
CA_4,11430,2014-08-23,16244,CA,West
CA_4,11431,2014-08-30,17272,CA,West
CA_4,11432,2014-09-06,16664,CA,West
CA_4,11433,2014-09-13,16760,CA,West
CA_4,11434,2014-09-20,16123,CA,West
CA_4,11435,2014-09-27,17024,CA,West
CA_4,11436,2014-10-04,17719,CA,West
CA_4,11437,2014-10-11,16812,CA,West
CA_4,11438,2014-10-18,16345,CA,West
CA_4,11439,2014-10-25,16298,CA,West
CA_4,11440,2014-11-01,16675,CA,West
CA_4,11441,2014-11-08,16100,CA,West
CA_4,11442,2014-11-15,15564,CA,West
CA_4,11443,2014-11-22,15236,CA,West
CA_4,11444,2014-11-29,14980,CA,West
CA_4,11445,2014-12-06,15666,CA,West
CA_4,11446,2014-12-13,15064,CA,West
CA_4,11447,2014-12-20,13322,CA,West
CA_4,11448,2014-12-27,14192,CA,West
CA_4,11449,2015-01-03,15428,CA,West
CA_4,11450,2015-01-10,16242,CA,West
CA_4,11451,2015-01-17,15240,CA,West
CA_4,11452,2015-01-24,16334,CA,West
CA_4,11501,2015-01-31,16773,CA,West
CA_4,11502,2015-02-07,17283,CA,West
CA_4,11503,2015-02-14,15101,CA,West
CA_4,11504,2015-02-21,15985,CA,West
CA_4,11505,2015-02-28,16039,CA,West
CA_4,11506,2015-03-07,16628,CA,West
CA_4,11507,2015-03-14,15852,CA,West
CA_4,11508,2015-03-21,16473,CA,West
CA_4,11509,2015-03-28,17173,CA,West
CA_4,11510,2015-04-04,16769,CA,West
CA_4,11511,2015-04-11,16511,CA,West
CA_4,11512,2015-04-18,16608,CA,West
CA_4,11513,2015-04-25,17185,CA,West
CA_4,11514,2015-05-02,18046,CA,West
CA_4,11515,2015-05-09,16456,CA,West
CA_4,11516,2015-05-16,16829,CA,West
CA_4,11517,2015-05-23,16117,CA,West
CA_4,11518,2015-05-30,17176,CA,West
CA_4,11519,2015-06-06,16672,CA,West
CA_4,11520,2015-06-13,16966,CA,West
CA_4,11521,2015-06-20,16835,CA,West
CA_4,11522,2015-06-27,17979,CA,West
CA_4,11523,2015-07-04,17080,CA,West
CA_4,11524,2015-07-11,17887,CA,West
CA_4,11525,2015-07-18,17072,CA,West
CA_4,11526,2015-07-25,16805,CA,West
CA_4,11527,2015-08-01,17740,CA,West
CA_4,11528,2015-08-08,17394,CA,West
CA_4,11529,2015-08-15,17714,CA,West
CA_4,11530,2015-08-22,16848,CA,West
CA_4,11531,2015-08-29,18438,CA,West
CA_4,11532,2015-09-05,17293,CA,West
CA_4,11533,2015-09-12,17588,CA,West
CA_4,11534,2015-09-19,18094,CA,West
CA_4,11535,2015-09-26,17754,CA,West
CA_4,11536,2015-10-03,18948,CA,West
CA_4,11537,2015-10-10,17275,CA,West
CA_4,11538,2015-10-17,17520,CA,West
CA_4,11539,2015-10-24,17643,CA,West
CA_4,11540,2015-10-31,17623,CA,West
CA_4,11541,2015-11-07,16406,CA,West
CA_4,11542,2015-11-14,16967,CA,West
CA_4,11543,2015-11-21,15765,CA,West
CA_4,11544,2015-11-28,15974,CA,West
CA_4,11545,2015-12-05,16241,CA,West
CA_4,11546,2015-12-12,15885,CA,West
CA_4,11547,2015-12-19,13906,CA,West
CA_4,11548,2015-12-26,14516,CA,West
CA_4,11549,2016-01-02,16870,CA,West
CA_4,11550,2016-01-09,16799,CA,West
CA_4,11551,2016-01-16,17070,CA,West
CA_4,11552,2016-01-23,17269,CA,West
CA_4,11601,2016-01-30,17986,CA,West
CA_4,11602,2016-02-06,17784,CA,West
CA_4,11603,2016-02-13,17040,CA,West
CA_4,11604,2016-02-20,16768,CA,West
CA_4,11605,2016-02-27,18358,CA,West
CA_4,11606,2016-03-05,18255,CA,West
CA_4,11607,2016-03-12,17631,CA,West
CA_4,11608,2016-03-19,18663,CA,West
CA_4,11609,2016-03-26,17983,CA,West
CA_4,11610,2016-04-02,18793,CA,West
CA_4,11611,2016-04-09,18176,CA,West
CA_4,11612,2016-04-16,18958,CA,West
CA_4,11613,2016-04-23,18813,CA,West
CA_4,11614,2016-04-30,19892,CA,West
CA_4,11615,2016-05-07,19555,CA,West
CA_4,11616,2016-05-14,20080,CA,West
TX_1,11101,2011-01-29,15442,TX,South
TX_1,11102,2011-02-05,15788,TX,South
TX_1,11103,2011-02-12,16248,TX,South
TX_1,11104,2011-02-19,14819,TX,South
TX_1,11105,2011-02-26,14934,TX,South
TX_1,11106,2011-03-05,15765,TX,South
TX_1,11107,2011-03-12,16653,TX,South
TX_1,11108,2011-03-19,14645,TX,South
TX_1,11109,2011-03-26,14893,TX,South
TX_1,11110,2011-04-02,16022,TX,South
TX_1,11111,2011-04-09,17021,TX,South
TX_1,11112,2011-04-16,14814,TX,South
TX_1,11113,2011-04-23,13303,TX,South
TX_1,11114,2011-04-30,16288,TX,South
TX_1,11115,2011-05-07,16568,TX,South
TX_1,11116,2011-05-14,15381,TX,South
TX_1,11117,2011-05-21,13888,TX,South
TX_1,11118,2011-05-28,15577,TX,South
TX_1,11119,2011-06-04,17354,TX,South
TX_1,11120,2011-06-11,17227,TX,South
TX_1,11121,2011-06-18,15442,TX,South
TX_1,11122,2011-06-25,15772,TX,South
TX_1,11123,2011-07-02,17757,TX,South
TX_1,11124,2011-07-09,18080,TX,South
TX_1,11125,2011-07-16,16245,TX,South
TX_1,11126,2011-07-23,15154,TX,South
TX_1,11127,2011-07-30,17235,TX,South
TX_1,11128,2011-08-06,18751,TX,South
TX_1,11129,2011-08-13,19362,TX,South
TX_1,11130,2011-08-20,17844,TX,South
TX_1,11131,2011-08-27,16844,TX,South
TX_1,11132,2011-09-03,18373,TX,South
TX_1,11133,2011-09-10,19048,TX,South
TX_1,11134,2011-09-17,16286,TX,South
TX_1,11135,2011-09-24,16435,TX,South
TX_1,11136,2011-10-01,19752,TX,South
TX_1,11137,2011-10-08,18595,TX,South
TX_1,11138,2011-10-15,17870,TX,South
TX_1,11139,2011-10-22,15757,TX,South
TX_1,11140,2011-10-29,16205,TX,South
TX_1,11141,2011-11-05,17853,TX,South
TX_1,11142,2011-11-12,18020,TX,South
TX_1,11143,2011-11-19,17051,TX,South
TX_1,11144,2011-11-26,14372,TX,South
TX_1,11145,2011-12-03,17826,TX,South
TX_1,11146,2011-12-10,19341,TX,South
TX_1,11147,2011-12-17,17958,TX,South
TX_1,11148,2011-12-24,14765,TX,South
TX_1,11149,2011-12-31,18130,TX,South
TX_1,11150,2012-01-07,18846,TX,South
TX_1,11151,2012-01-14,17654,TX,South
TX_1,11152,2012-01-21,15920,TX,South
TX_1,11201,2012-01-28,17861,TX,South
TX_1,11202,2012-02-04,19364,TX,South
TX_1,11203,2012-02-11,18736,TX,South
TX_1,11204,2012-02-18,18462,TX,South
TX_1,11205,2012-02-25,18016,TX,South
TX_1,11206,2012-03-03,19293,TX,South
TX_1,11207,2012-03-10,21803,TX,South
TX_1,11208,2012-03-17,18876,TX,South
TX_1,11209,2012-03-24,18007,TX,South
TX_1,11210,2012-03-31,21737,TX,South
TX_1,11211,2012-04-07,22651,TX,South
TX_1,11212,2012-04-14,19856,TX,South
TX_1,11213,2012-04-21,19601,TX,South
TX_1,11214,2012-04-28,21334,TX,South
TX_1,11215,2012-05-05,22519,TX,South
TX_1,11216,2012-05-12,20842,TX,South
TX_1,11217,2012-05-19,20166,TX,South
TX_1,11218,2012-05-26,21501,TX,South
TX_1,11219,2012-06-02,22606,TX,South
TX_1,11220,2012-06-09,23775,TX,South
TX_1,11221,2012-06-16,21778,TX,South
TX_1,11222,2012-06-23,20043,TX,South
TX_1,11223,2012-06-30,22050,TX,South
TX_1,11224,2012-07-07,21680,TX,South
TX_1,11225,2012-07-14,20754,TX,South
TX_1,11226,2012-07-21,18895,TX,South
TX_1,11227,2012-07-28,19917,TX,South
TX_1,11228,2012-08-04,21478,TX,South
TX_1,11229,2012-08-11,23928,TX,South
TX_1,11230,2012-08-18,20686,TX,South
TX_1,11231,2012-08-25,20479,TX,South
TX_1,11232,2012-09-01,24059,TX,South
TX_1,11233,2012-09-08,21923,TX,South
TX_1,11234,2012-09-15,22047,TX,South
TX_1,11235,2012-09-22,20139,TX,South
TX_1,11236,2012-09-29,21232,TX,South
TX_1,11237,2012-10-06,21850,TX,South
TX_1,11238,2012-10-13,21416,TX,South
TX_1,11239,2012-10-20,18669,TX,South
TX_1,11240,2012-10-27,18077,TX,South
TX_1,11241,2012-11-03,20499,TX,South
TX_1,11242,2012-11-10,20449,TX,South
TX_1,11243,2012-11-17,20350,TX,South
TX_1,11244,2012-11-24,16428,TX,South
TX_1,11245,2012-12-01,21081,TX,South
TX_1,11246,2012-12-08,20475,TX,South
TX_1,11247,2012-12-15,21181,TX,South
TX_1,11248,2012-12-22,18567,TX,South
TX_1,11249,2012-12-29,19425,TX,South
TX_1,11250,2013-01-05,20016,TX,South
TX_1,11251,2013-01-12,19156,TX,South
TX_1,11252,2013-01-19,18409,TX,South
TX_1,11301,2013-01-26,18767,TX,South
TX_1,11302,2013-02-02,21301,TX,South
TX_1,11303,2013-02-09,22464,TX,South
TX_1,11304,2013-02-16,22040,TX,South
TX_1,11305,2013-02-23,21304,TX,South
TX_1,11306,2013-03-02,21525,TX,South
TX_1,11307,2013-03-09,22475,TX,South
TX_1,11308,2013-03-16,20195,TX,South
TX_1,11309,2013-03-23,19756,TX,South
TX_1,11310,2013-03-30,21494,TX,South
TX_1,11311,2013-04-06,21937,TX,South
TX_1,11312,2013-04-13,21575,TX,South
TX_1,11313,2013-04-20,19814,TX,South
TX_1,11314,2013-04-27,19051,TX,South
TX_1,11315,2013-05-04,20581,TX,South
TX_1,11316,2013-05-11,22451,TX,South
TX_1,11317,2013-05-18,21493,TX,South
TX_1,11318,2013-05-25,19862,TX,South
TX_1,11319,2013-06-01,23300,TX,South
TX_1,11320,2013-06-08,23276,TX,South
TX_1,11321,2013-06-15,22453,TX,South
TX_1,11322,2013-06-22,21754,TX,South
TX_1,11323,2013-06-29,23450,TX,South
TX_1,11324,2013-07-06,23004,TX,South
TX_1,11325,2013-07-13,21811,TX,South
TX_1,11326,2013-07-20,19618,TX,South
TX_1,11327,2013-07-27,21538,TX,South
TX_1,11328,2013-08-03,23915,TX,South
TX_1,11329,2013-08-10,22291,TX,South
TX_1,11330,2013-08-17,22016,TX,South
TX_1,11331,2013-08-24,22773,TX,South
TX_1,11332,2013-08-31,23540,TX,South
TX_1,11333,2013-09-07,24136,TX,South
TX_1,11334,2013-09-14,22701,TX,South
TX_1,11335,2013-09-21,21522,TX,South
TX_1,11336,2013-09-28,21577,TX,South
TX_1,11337,2013-10-05,22949,TX,South
TX_1,11338,2013-10-12,22248,TX,South
TX_1,11339,2013-10-19,19707,TX,South
TX_1,11340,2013-10-26,20154,TX,South
TX_1,11341,2013-11-02,21066,TX,South
TX_1,11342,2013-11-09,21016,TX,South
TX_1,11343,2013-11-16,19481,TX,South
TX_1,11344,2013-11-23,18141,TX,South
TX_1,11345,2013-11-30,19858,TX,South
TX_1,11346,2013-12-07,20520,TX,South
TX_1,11347,2013-12-14,21588,TX,South
TX_1,11348,2013-12-21,17303,TX,South
TX_1,11349,2013-12-28,18756,TX,South
TX_1,11350,2014-01-04,20155,TX,South
TX_1,11351,2014-01-11,21179,TX,South
TX_1,11352,2014-01-18,19013,TX,South
TX_1,11353,2014-01-25,18126,TX,South
TX_1,11401,2014-02-01,19632,TX,South
TX_1,11402,2014-02-08,22968,TX,South
TX_1,11403,2014-02-15,21536,TX,South
TX_1,11404,2014-02-22,20160,TX,South
TX_1,11405,2014-03-01,21489,TX,South
TX_1,11406,2014-03-08,23081,TX,South
TX_1,11407,2014-03-15,21025,TX,South
TX_1,11408,2014-03-22,19806,TX,South
TX_1,11409,2014-03-29,21912,TX,South
TX_1,11410,2014-04-05,23173,TX,South
TX_1,11411,2014-04-12,24219,TX,South
TX_1,11412,2014-04-19,22019,TX,South
TX_1,11413,2014-04-26,21200,TX,South
TX_1,11414,2014-05-03,22356,TX,South
TX_1,11415,2014-05-10,22056,TX,South
TX_1,11416,2014-05-17,20169,TX,South
TX_1,11417,2014-05-24,20007,TX,South
TX_1,11418,2014-05-31,22977,TX,South
TX_1,11419,2014-06-07,22406,TX,South
TX_1,11420,2014-06-14,22817,TX,South
TX_1,11421,2014-06-21,19934,TX,South
TX_1,11422,2014-06-28,22266,TX,South
TX_1,11423,2014-07-05,23164,TX,South
TX_1,11424,2014-07-12,22661,TX,South
TX_1,11425,2014-07-19,21324,TX,South
TX_1,11426,2014-07-26,21552,TX,South
TX_1,11427,2014-08-02,23437,TX,South
TX_1,11428,2014-08-09,22986,TX,South
TX_1,11429,2014-08-16,22076,TX,South
TX_1,11430,2014-08-23,21651,TX,South
TX_1,11431,2014-08-30,21804,TX,South
TX_1,11432,2014-09-06,21375,TX,South
TX_1,11433,2014-09-13,21380,TX,South
TX_1,11434,2014-09-20,19770,TX,South
TX_1,11435,2014-09-27,20778,TX,South
TX_1,11436,2014-10-04,21439,TX,South
TX_1,11437,2014-10-11,20949,TX,South
TX_1,11438,2014-10-18,19394,TX,South
TX_1,11439,2014-10-25,19425,TX,South
TX_1,11440,2014-11-01,20743,TX,South
TX_1,11441,2014-11-08,21273,TX,South
TX_1,11442,2014-11-15,19917,TX,South
TX_1,11443,2014-11-22,20810,TX,South
TX_1,11444,2014-11-29,19297,TX,South
TX_1,11445,2014-12-06,21081,TX,South
TX_1,11446,2014-12-13,21562,TX,South
TX_1,11447,2014-12-20,18486,TX,South
TX_1,11448,2014-12-27,19111,TX,South
TX_1,11449,2015-01-03,20610,TX,South
TX_1,11450,2015-01-10,21751,TX,South
TX_1,11451,2015-01-17,21234,TX,South
TX_1,11452,2015-01-24,20440,TX,South
TX_1,11501,2015-01-31,23164,TX,South
TX_1,11502,2015-02-07,24856,TX,South
TX_1,11503,2015-02-14,21239,TX,South
TX_1,11504,2015-02-21,20940,TX,South
TX_1,11505,2015-02-28,21610,TX,South
TX_1,11506,2015-03-07,23210,TX,South
TX_1,11507,2015-03-14,23108,TX,South
TX_1,11508,2015-03-21,20698,TX,South
TX_1,11509,2015-03-28,22262,TX,South
TX_1,11510,2015-04-04,23324,TX,South
TX_1,11511,2015-04-11,22216,TX,South
TX_1,11512,2015-04-18,21180,TX,South
TX_1,11513,2015-04-25,20871,TX,South
TX_1,11514,2015-05-02,22924,TX,South
TX_1,11515,2015-05-09,22754,TX,South
TX_1,11516,2015-05-16,22797,TX,South
TX_1,11517,2015-05-23,21169,TX,South
TX_1,11518,2015-05-30,21980,TX,South
TX_1,11519,2015-06-06,24403,TX,South
TX_1,11520,2015-06-13,24222,TX,South
TX_1,11521,2015-06-20,22820,TX,South
TX_1,11522,2015-06-27,23577,TX,South
TX_1,11523,2015-07-04,22943,TX,South
TX_1,11524,2015-07-11,25003,TX,South
TX_1,11525,2015-07-18,24459,TX,South
TX_1,11526,2015-07-25,22829,TX,South
TX_1,11527,2015-08-01,25877,TX,South
TX_1,11528,2015-08-08,24761,TX,South
TX_1,11529,2015-08-15,22209,TX,South
TX_1,11530,2015-08-22,21097,TX,South
TX_1,11531,2015-08-29,21378,TX,South
TX_1,11532,2015-09-05,22396,TX,South
TX_1,11533,2015-09-12,22644,TX,South
TX_1,11534,2015-09-19,22224,TX,South
TX_1,11535,2015-09-26,21110,TX,South
TX_1,11536,2015-10-03,22830,TX,South
TX_1,11537,2015-10-10,22772,TX,South
TX_1,11538,2015-10-17,21214,TX,South
TX_1,11539,2015-10-24,19967,TX,South
TX_1,11540,2015-10-31,20555,TX,South
TX_1,11541,2015-11-07,20775,TX,South
TX_1,11542,2015-11-14,20755,TX,South
TX_1,11543,2015-11-21,21512,TX,South
TX_1,11544,2015-11-28,19056,TX,South
TX_1,11545,2015-12-05,19916,TX,South
TX_1,11546,2015-12-12,22299,TX,South
TX_1,11547,2015-12-19,18387,TX,South
TX_1,11548,2015-12-26,20391,TX,South
TX_1,11549,2016-01-02,19713,TX,South
TX_1,11550,2016-01-09,22911,TX,South
TX_1,11551,2016-01-16,21079,TX,South
TX_1,11552,2016-01-23,19681,TX,South
TX_1,11601,2016-01-30,21643,TX,South
TX_1,11602,2016-02-06,23315,TX,South
TX_1,11603,2016-02-13,23637,TX,South
TX_1,11604,2016-02-20,21879,TX,South
TX_1,11605,2016-02-27,22014,TX,South
TX_1,11606,2016-03-05,22646,TX,South
TX_1,11607,2016-03-12,24371,TX,South
TX_1,11608,2016-03-19,22309,TX,South
TX_1,11609,2016-03-26,22958,TX,South
TX_1,11610,2016-04-02,24142,TX,South
TX_1,11611,2016-04-09,23273,TX,South
TX_1,11612,2016-04-16,23282,TX,South
TX_1,11613,2016-04-23,22997,TX,South
TX_1,11614,2016-04-30,23977,TX,South
TX_1,11615,2016-05-07,24135,TX,South
TX_1,11616,2016-05-14,25364,TX,South
TX_2,11101,2011-01-29,21993,TX,South
TX_2,11102,2011-02-05,21056,TX,South
TX_2,11103,2011-02-12,22055,TX,South
TX_2,11104,2011-02-19,20543,TX,South
TX_2,11105,2011-02-26,20442,TX,South
TX_2,11106,2011-03-05,21741,TX,South
TX_2,11107,2011-03-12,22171,TX,South
TX_2,11108,2011-03-19,18977,TX,South
TX_2,11109,2011-03-26,19314,TX,South
TX_2,11110,2011-04-02,20776,TX,South
TX_2,11111,2011-04-09,21726,TX,South
TX_2,11112,2011-04-16,20115,TX,South
TX_2,11113,2011-04-23,18721,TX,South
TX_2,11114,2011-04-30,19992,TX,South
TX_2,11115,2011-05-07,20155,TX,South
TX_2,11116,2011-05-14,19675,TX,South
TX_2,11117,2011-05-21,18710,TX,South
TX_2,11118,2011-05-28,19281,TX,South
TX_2,11119,2011-06-04,22443,TX,South
TX_2,11120,2011-06-11,22720,TX,South
TX_2,11121,2011-06-18,19735,TX,South
TX_2,11122,2011-06-25,20223,TX,South
TX_2,11123,2011-07-02,21972,TX,South
TX_2,11124,2011-07-09,22958,TX,South
TX_2,11125,2011-07-16,21041,TX,South
TX_2,11126,2011-07-23,20516,TX,South
TX_2,11127,2011-07-30,22209,TX,South
TX_2,11128,2011-08-06,24363,TX,South
TX_2,11129,2011-08-13,24795,TX,South
TX_2,11130,2011-08-20,22589,TX,South
TX_2,11131,2011-08-27,22116,TX,South
TX_2,11132,2011-09-03,21512,TX,South
TX_2,11133,2011-09-10,25320,TX,South
TX_2,11134,2011-09-17,22755,TX,South
TX_2,11135,2011-09-24,22938,TX,South
TX_2,11136,2011-10-01,25827,TX,South
TX_2,11137,2011-10-08,24933,TX,South
TX_2,11138,2011-10-15,25076,TX,South
TX_2,11139,2011-10-22,23569,TX,South
TX_2,11140,2011-10-29,22795,TX,South
TX_2,11141,2011-11-05,24107,TX,South
TX_2,11142,2011-11-12,23978,TX,South
TX_2,11143,2011-11-19,23983,TX,South
TX_2,11144,2011-11-26,19662,TX,South
TX_2,11145,2011-12-03,24170,TX,South
TX_2,11146,2011-12-10,25887,TX,South
TX_2,11147,2011-12-17,25074,TX,South
TX_2,11148,2011-12-24,19772,TX,South
TX_2,11149,2011-12-31,23775,TX,South
TX_2,11150,2012-01-07,25443,TX,South
TX_2,11151,2012-01-14,24166,TX,South
TX_2,11152,2012-01-21,23388,TX,South
TX_2,11201,2012-01-28,25383,TX,South
TX_2,11202,2012-02-04,27575,TX,South
TX_2,11203,2012-02-11,27660,TX,South
TX_2,11204,2012-02-18,25129,TX,South
TX_2,11205,2012-02-25,26245,TX,South
TX_2,11206,2012-03-03,28141,TX,South
TX_2,11207,2012-03-10,30379,TX,South
TX_2,11208,2012-03-17,26069,TX,South
TX_2,11209,2012-03-24,26010,TX,South
TX_2,11210,2012-03-31,29815,TX,South
TX_2,11211,2012-04-07,29941,TX,South
TX_2,11212,2012-04-14,27228,TX,South
TX_2,11213,2012-04-21,25583,TX,South
TX_2,11214,2012-04-28,27875,TX,South
TX_2,11215,2012-05-05,29428,TX,South
TX_2,11216,2012-05-12,28335,TX,South
TX_2,11217,2012-05-19,27510,TX,South
TX_2,11218,2012-05-26,29741,TX,South
TX_2,11219,2012-06-02,31599,TX,South
TX_2,11220,2012-06-09,32829,TX,South
TX_2,11221,2012-06-16,30103,TX,South
TX_2,11222,2012-06-23,29206,TX,South
TX_2,11223,2012-06-30,30284,TX,South
TX_2,11224,2012-07-07,28688,TX,South
TX_2,11225,2012-07-14,29158,TX,South
TX_2,11226,2012-07-21,27669,TX,South
TX_2,11227,2012-07-28,28695,TX,South
TX_2,11228,2012-08-04,29718,TX,South
TX_2,11229,2012-08-11,32176,TX,South
TX_2,11230,2012-08-18,29011,TX,South
TX_2,11231,2012-08-25,28952,TX,South
TX_2,11232,2012-09-01,30799,TX,South
TX_2,11233,2012-09-08,29307,TX,South
TX_2,11234,2012-09-15,28505,TX,South
TX_2,11235,2012-09-22,27621,TX,South
TX_2,11236,2012-09-29,28526,TX,South
TX_2,11237,2012-10-06,28553,TX,South
TX_2,11238,2012-10-13,28401,TX,South
TX_2,11239,2012-10-20,27008,TX,South
TX_2,11240,2012-10-27,26474,TX,South
TX_2,11241,2012-11-03,27413,TX,South
TX_2,11242,2012-11-10,26967,TX,South
TX_2,11243,2012-11-17,27333,TX,South
TX_2,11244,2012-11-24,22236,TX,South
TX_2,11245,2012-12-01,27946,TX,South
TX_2,11246,2012-12-08,27141,TX,South
TX_2,11247,2012-12-15,29183,TX,South
TX_2,11248,2012-12-22,25352,TX,South
TX_2,11249,2012-12-29,27054,TX,South
TX_2,11250,2013-01-05,27289,TX,South
TX_2,11251,2013-01-12,27405,TX,South
TX_2,11252,2013-01-19,25580,TX,South
TX_2,11301,2013-01-26,25396,TX,South
TX_2,11302,2013-02-02,29665,TX,South
TX_2,11303,2013-02-09,32762,TX,South
TX_2,11304,2013-02-16,30091,TX,South
TX_2,11305,2013-02-23,29637,TX,South
TX_2,11306,2013-03-02,30588,TX,South
TX_2,11307,2013-03-09,31595,TX,South
TX_2,11308,2013-03-16,29078,TX,South
TX_2,11309,2013-03-23,28786,TX,South
TX_2,11310,2013-03-30,30017,TX,South
TX_2,11311,2013-04-06,31188,TX,South
TX_2,11312,2013-04-13,29083,TX,South
TX_2,11313,2013-04-20,27197,TX,South
TX_2,11314,2013-04-27,25369,TX,South
TX_2,11315,2013-05-04,28271,TX,South
TX_2,11316,2013-05-11,29549,TX,South
TX_2,11317,2013-05-18,30023,TX,South
TX_2,11318,2013-05-25,28926,TX,South
TX_2,11319,2013-06-01,32874,TX,South
TX_2,11320,2013-06-08,32734,TX,South
TX_2,11321,2013-06-15,30812,TX,South
TX_2,11322,2013-06-22,30166,TX,South
TX_2,11323,2013-06-29,34319,TX,South
TX_2,11324,2013-07-06,32399,TX,South
TX_2,11325,2013-07-13,32152,TX,South
TX_2,11326,2013-07-20,31616,TX,South
TX_2,11327,2013-07-27,31682,TX,South
TX_2,11328,2013-08-03,34551,TX,South
TX_2,11329,2013-08-10,32647,TX,South
TX_2,11330,2013-08-17,30259,TX,South
TX_2,11331,2013-08-24,30673,TX,South
TX_2,11332,2013-08-31,33477,TX,South
TX_2,11333,2013-09-07,33259,TX,South
TX_2,11334,2013-09-14,30534,TX,South
TX_2,11335,2013-09-21,29036,TX,South
TX_2,11336,2013-09-28,29915,TX,South
TX_2,11337,2013-10-05,30529,TX,South
TX_2,11338,2013-10-12,29742,TX,South
TX_2,11339,2013-10-19,27315,TX,South
TX_2,11340,2013-10-26,27629,TX,South
TX_2,11341,2013-11-02,28549,TX,South
TX_2,11342,2013-11-09,27574,TX,South
TX_2,11343,2013-11-16,26795,TX,South
TX_2,11344,2013-11-23,24215,TX,South
TX_2,11345,2013-11-30,26328,TX,South
TX_2,11346,2013-12-07,27017,TX,South
TX_2,11347,2013-12-14,27214,TX,South
TX_2,11348,2013-12-21,22044,TX,South
TX_2,11349,2013-12-28,27109,TX,South
TX_2,11350,2014-01-04,27164,TX,South
TX_2,11351,2014-01-11,26819,TX,South
TX_2,11352,2014-01-18,22216,TX,South
TX_2,11353,2014-01-25,21992,TX,South
TX_2,11401,2014-02-01,24880,TX,South
TX_2,11402,2014-02-08,27794,TX,South
TX_2,11403,2014-02-15,26381,TX,South
TX_2,11404,2014-02-22,25052,TX,South
TX_2,11405,2014-03-01,25675,TX,South
TX_2,11406,2014-03-08,27724,TX,South
TX_2,11407,2014-03-15,25454,TX,South
TX_2,11408,2014-03-22,23677,TX,South
TX_2,11409,2014-03-29,24854,TX,South
TX_2,11410,2014-04-05,26788,TX,South
TX_2,11411,2014-04-12,28049,TX,South
TX_2,11412,2014-04-19,26458,TX,South
TX_2,11413,2014-04-26,24921,TX,South
TX_2,11414,2014-05-03,25997,TX,South
TX_2,11415,2014-05-10,24925,TX,South
TX_2,11416,2014-05-17,24594,TX,South
TX_2,11417,2014-05-24,24094,TX,South
TX_2,11418,2014-05-31,26602,TX,South
TX_2,11419,2014-06-07,28912,TX,South
TX_2,11420,2014-06-14,27691,TX,South
TX_2,11421,2014-06-21,25455,TX,South
TX_2,11422,2014-06-28,28611,TX,South
TX_2,11423,2014-07-05,27816,TX,South
TX_2,11424,2014-07-12,28191,TX,South
TX_2,11425,2014-07-19,25740,TX,South
TX_2,11426,2014-07-26,25830,TX,South
TX_2,11427,2014-08-02,28145,TX,South
TX_2,11428,2014-08-09,27127,TX,South
TX_2,11429,2014-08-16,26247,TX,South
TX_2,11430,2014-08-23,26438,TX,South
TX_2,11431,2014-08-30,26658,TX,South
TX_2,11432,2014-09-06,27258,TX,South
TX_2,11433,2014-09-13,25230,TX,South
TX_2,11434,2014-09-20,24171,TX,South
TX_2,11435,2014-09-27,25299,TX,South
TX_2,11436,2014-10-04,25696,TX,South
TX_2,11437,2014-10-11,25879,TX,South
TX_2,11438,2014-10-18,24025,TX,South
TX_2,11439,2014-10-25,23731,TX,South
TX_2,11440,2014-11-01,24368,TX,South
TX_2,11441,2014-11-08,24628,TX,South
TX_2,11442,2014-11-15,23534,TX,South
TX_2,11443,2014-11-22,23755,TX,South
TX_2,11444,2014-11-29,22427,TX,South
TX_2,11445,2014-12-06,23231,TX,South
TX_2,11446,2014-12-13,25003,TX,South
TX_2,11447,2014-12-20,21697,TX,South
TX_2,11448,2014-12-27,22413,TX,South
TX_2,11449,2015-01-03,23997,TX,South
TX_2,11450,2015-01-10,24474,TX,South
TX_2,11451,2015-01-17,23425,TX,South
TX_2,11452,2015-01-24,24385,TX,South
TX_2,11501,2015-01-31,27543,TX,South
TX_2,11502,2015-02-07,29406,TX,South
TX_2,11503,2015-02-14,25388,TX,South
TX_2,11504,2015-02-21,24492,TX,South
TX_2,11505,2015-02-28,25535,TX,South
TX_2,11506,2015-03-07,26302,TX,South
TX_2,11507,2015-03-14,26433,TX,South
TX_2,11508,2015-03-21,24192,TX,South
TX_2,11509,2015-03-28,26894,TX,South
TX_2,11510,2015-04-04,27226,TX,South
TX_2,11511,2015-04-11,26254,TX,South
TX_2,11512,2015-04-18,25850,TX,South
TX_2,11513,2015-04-25,25345,TX,South
TX_2,11514,2015-05-02,26661,TX,South
TX_2,11515,2015-05-09,26120,TX,South
TX_2,11516,2015-05-16,25259,TX,South
TX_2,11517,2015-05-23,24694,TX,South
TX_2,11518,2015-05-30,26484,TX,South
TX_2,11519,2015-06-06,28060,TX,South
TX_2,11520,2015-06-13,27184,TX,South
TX_2,11521,2015-06-20,24736,TX,South
TX_2,11522,2015-06-27,26492,TX,South
TX_2,11523,2015-07-04,26890,TX,South
TX_2,11524,2015-07-11,29128,TX,South
TX_2,11525,2015-07-18,26968,TX,South
TX_2,11526,2015-07-25,26712,TX,South
TX_2,11527,2015-08-01,29458,TX,South
TX_2,11528,2015-08-08,28511,TX,South
TX_2,11529,2015-08-15,26251,TX,South
TX_2,11530,2015-08-22,25109,TX,South
TX_2,11531,2015-08-29,25769,TX,South
TX_2,11532,2015-09-05,26424,TX,South
TX_2,11533,2015-09-12,27643,TX,South
TX_2,11534,2015-09-19,27142,TX,South
TX_2,11535,2015-09-26,26576,TX,South
TX_2,11536,2015-10-03,28887,TX,South
TX_2,11537,2015-10-10,27140,TX,South
TX_2,11538,2015-10-17,27003,TX,South
TX_2,11539,2015-10-24,25541,TX,South
TX_2,11540,2015-10-31,24965,TX,South
TX_2,11541,2015-11-07,26227,TX,South
TX_2,11542,2015-11-14,25736,TX,South
TX_2,11543,2015-11-21,25779,TX,South
TX_2,11544,2015-11-28,22423,TX,South
TX_2,11545,2015-12-05,25738,TX,South
TX_2,11546,2015-12-12,27743,TX,South
TX_2,11547,2015-12-19,23954,TX,South
TX_2,11548,2015-12-26,25214,TX,South
TX_2,11549,2016-01-02,25185,TX,South
TX_2,11550,2016-01-09,27233,TX,South
TX_2,11551,2016-01-16,26401,TX,South
TX_2,11552,2016-01-23,25522,TX,South
TX_2,11601,2016-01-30,27146,TX,South
TX_2,11602,2016-02-06,31254,TX,South
TX_2,11603,2016-02-13,29776,TX,South
TX_2,11604,2016-02-20,29213,TX,South
TX_2,11605,2016-02-27,28299,TX,South
TX_2,11606,2016-03-05,29098,TX,South
TX_2,11607,2016-03-12,29755,TX,South
TX_2,11608,2016-03-19,28646,TX,South
TX_2,11609,2016-03-26,27049,TX,South
TX_2,11610,2016-04-02,28376,TX,South
TX_2,11611,2016-04-09,28468,TX,South
TX_2,11612,2016-04-16,27243,TX,South
TX_2,11613,2016-04-23,26880,TX,South
TX_2,11614,2016-04-30,28909,TX,South
TX_2,11615,2016-05-07,28855,TX,South
TX_2,11616,2016-05-14,29370,TX,South
TX_3,11101,2011-01-29,16936,TX,South
TX_3,11102,2011-02-05,15566,TX,South
TX_3,11103,2011-02-12,17411,TX,South
TX_3,11104,2011-02-19,15777,TX,South
TX_3,11105,2011-02-26,15301,TX,South
TX_3,11106,2011-03-05,16596,TX,South
TX_3,11107,2011-03-12,16226,TX,South
TX_3,11108,2011-03-19,14795,TX,South
TX_3,11109,2011-03-26,14928,TX,South
TX_3,11110,2011-04-02,16277,TX,South
TX_3,11111,2011-04-09,16072,TX,South
TX_3,11112,2011-04-16,15849,TX,South
TX_3,11113,2011-04-23,13753,TX,South
TX_3,11114,2011-04-30,14733,TX,South
TX_3,11115,2011-05-07,15798,TX,South
TX_3,11116,2011-05-14,14968,TX,South
TX_3,11117,2011-05-21,15150,TX,South
TX_3,11118,2011-05-28,16268,TX,South
TX_3,11119,2011-06-04,18282,TX,South
TX_3,11120,2011-06-11,19261,TX,South
TX_3,11121,2011-06-18,16937,TX,South
TX_3,11122,2011-06-25,17277,TX,South
TX_3,11123,2011-07-02,19491,TX,South
TX_3,11124,2011-07-09,19838,TX,South
TX_3,11125,2011-07-16,18008,TX,South
TX_3,11126,2011-07-23,17229,TX,South
TX_3,11127,2011-07-30,19842,TX,South
TX_3,11128,2011-08-06,19571,TX,South
TX_3,11129,2011-08-13,21002,TX,South
TX_3,11130,2011-08-20,19322,TX,South
TX_3,11131,2011-08-27,18089,TX,South
TX_3,11132,2011-09-03,19576,TX,South
TX_3,11133,2011-09-10,20057,TX,South
TX_3,11134,2011-09-17,18147,TX,South
TX_3,11135,2011-09-24,18686,TX,South
TX_3,11136,2011-10-01,20885,TX,South
TX_3,11137,2011-10-08,21043,TX,South
TX_3,11138,2011-10-15,19258,TX,South
TX_3,11139,2011-10-22,17448,TX,South
TX_3,11140,2011-10-29,18974,TX,South
TX_3,11141,2011-11-05,19972,TX,South
TX_3,11142,2011-11-12,19547,TX,South
TX_3,11143,2011-11-19,18949,TX,South
TX_3,11144,2011-11-26,15694,TX,South
TX_3,11145,2011-12-03,18482,TX,South
TX_3,11146,2011-12-10,19971,TX,South
TX_3,11147,2011-12-17,18932,TX,South
TX_3,11148,2011-12-24,15390,TX,South
TX_3,11149,2011-12-31,18747,TX,South
TX_3,11150,2012-01-07,18956,TX,South
TX_3,11151,2012-01-14,18700,TX,South
TX_3,11152,2012-01-21,16784,TX,South
TX_3,11201,2012-01-28,19293,TX,South
TX_3,11202,2012-02-04,21168,TX,South
TX_3,11203,2012-02-11,19989,TX,South
TX_3,11204,2012-02-18,17403,TX,South
TX_3,11205,2012-02-25,19232,TX,South
TX_3,11206,2012-03-03,20297,TX,South
TX_3,11207,2012-03-10,21769,TX,South
TX_3,11208,2012-03-17,19444,TX,South
TX_3,11209,2012-03-24,18901,TX,South
TX_3,11210,2012-03-31,21517,TX,South
TX_3,11211,2012-04-07,21051,TX,South
TX_3,11212,2012-04-14,18735,TX,South
TX_3,11213,2012-04-21,18252,TX,South
TX_3,11214,2012-04-28,19746,TX,South
TX_3,11215,2012-05-05,20581,TX,South
TX_3,11216,2012-05-12,20725,TX,South
TX_3,11217,2012-05-19,20601,TX,South
TX_3,11218,2012-05-26,21248,TX,South
TX_3,11219,2012-06-02,22983,TX,South
TX_3,11220,2012-06-09,24446,TX,South
TX_3,11221,2012-06-16,21787,TX,South
TX_3,11222,2012-06-23,22190,TX,South
TX_3,11223,2012-06-30,22286,TX,South
TX_3,11224,2012-07-07,22101,TX,South
TX_3,11225,2012-07-14,21331,TX,South
TX_3,11226,2012-07-21,20539,TX,South
TX_3,11227,2012-07-28,22745,TX,South
TX_3,11228,2012-08-04,23994,TX,South
TX_3,11229,2012-08-11,24484,TX,South
TX_3,11230,2012-08-18,21369,TX,South
TX_3,11231,2012-08-25,21417,TX,South
TX_3,11232,2012-09-01,24439,TX,South
TX_3,11233,2012-09-08,22266,TX,South
TX_3,11234,2012-09-15,21735,TX,South
TX_3,11235,2012-09-22,21657,TX,South
TX_3,11236,2012-09-29,22819,TX,South
TX_3,11237,2012-10-06,23243,TX,South
TX_3,11238,2012-10-13,22700,TX,South
TX_3,11239,2012-10-20,19643,TX,South
TX_3,11240,2012-10-27,19144,TX,South
TX_3,11241,2012-11-03,21551,TX,South
TX_3,11242,2012-11-10,19982,TX,South
TX_3,11243,2012-11-17,19550,TX,South
TX_3,11244,2012-11-24,16749,TX,South
TX_3,11245,2012-12-01,21006,TX,South
TX_3,11246,2012-12-08,19943,TX,South
TX_3,11247,2012-12-15,21230,TX,South
TX_3,11248,2012-12-22,18000,TX,South
TX_3,11249,2012-12-29,21368,TX,South
TX_3,11250,2013-01-05,20831,TX,South
TX_3,11251,2013-01-12,20805,TX,South
TX_3,11252,2013-01-19,18797,TX,South
TX_3,11301,2013-01-26,19429,TX,South
TX_3,11302,2013-02-02,22132,TX,South
TX_3,11303,2013-02-09,23260,TX,South
TX_3,11304,2013-02-16,22215,TX,South
TX_3,11305,2013-02-23,20954,TX,South
TX_3,11306,2013-03-02,21573,TX,South
TX_3,11307,2013-03-09,22392,TX,South
TX_3,11308,2013-03-16,20180,TX,South
TX_3,11309,2013-03-23,19716,TX,South
TX_3,11310,2013-03-30,21598,TX,South
TX_3,11311,2013-04-06,21779,TX,South
TX_3,11312,2013-04-13,21113,TX,South
TX_3,11313,2013-04-20,19034,TX,South
TX_3,11314,2013-04-27,19376,TX,South
TX_3,11315,2013-05-04,20666,TX,South
TX_3,11316,2013-05-11,21793,TX,South
TX_3,11317,2013-05-18,21530,TX,South
TX_3,11318,2013-05-25,20041,TX,South
TX_3,11319,2013-06-01,23628,TX,South
TX_3,11320,2013-06-08,22114,TX,South
TX_3,11321,2013-06-15,21271,TX,South
TX_3,11322,2013-06-22,22286,TX,South
TX_3,11323,2013-06-29,24147,TX,South
TX_3,11324,2013-07-06,23398,TX,South
TX_3,11325,2013-07-13,22827,TX,South
TX_3,11326,2013-07-20,21508,TX,South
TX_3,11327,2013-07-27,22935,TX,South
TX_3,11328,2013-08-03,24391,TX,South
TX_3,11329,2013-08-10,25189,TX,South
TX_3,11330,2013-08-17,22971,TX,South
TX_3,11331,2013-08-24,23192,TX,South
TX_3,11332,2013-08-31,25301,TX,South
TX_3,11333,2013-09-07,25085,TX,South
TX_3,11334,2013-09-14,23607,TX,South
TX_3,11335,2013-09-21,22070,TX,South
TX_3,11336,2013-09-28,24196,TX,South
TX_3,11337,2013-10-05,24057,TX,South
TX_3,11338,2013-10-12,22015,TX,South
TX_3,11339,2013-10-19,20673,TX,South
TX_3,11340,2013-10-26,21091,TX,South
TX_3,11341,2013-11-02,22542,TX,South
TX_3,11342,2013-11-09,21737,TX,South
TX_3,11343,2013-11-16,20929,TX,South
TX_3,11344,2013-11-23,19581,TX,South
TX_3,11345,2013-11-30,20945,TX,South
TX_3,11346,2013-12-07,20410,TX,South
TX_3,11347,2013-12-14,21576,TX,South
TX_3,11348,2013-12-21,18398,TX,South
TX_3,11349,2013-12-28,19967,TX,South
TX_3,11350,2014-01-04,21679,TX,South
TX_3,11351,2014-01-11,22071,TX,South
TX_3,11352,2014-01-18,19382,TX,South
TX_3,11353,2014-01-25,20306,TX,South
TX_3,11401,2014-02-01,22653,TX,South
TX_3,11402,2014-02-08,24496,TX,South
TX_3,11403,2014-02-15,23391,TX,South
TX_3,11404,2014-02-22,22170,TX,South
TX_3,11405,2014-03-01,23852,TX,South
TX_3,11406,2014-03-08,26841,TX,South
TX_3,11407,2014-03-15,23983,TX,South
TX_3,11408,2014-03-22,21790,TX,South
TX_3,11409,2014-03-29,24216,TX,South
TX_3,11410,2014-04-05,24723,TX,South
TX_3,11411,2014-04-12,26926,TX,South
TX_3,11412,2014-04-19,23635,TX,South
TX_3,11413,2014-04-26,23856,TX,South
TX_3,11414,2014-05-03,24948,TX,South
TX_3,11415,2014-05-10,23881,TX,South
TX_3,11416,2014-05-17,22782,TX,South
TX_3,11417,2014-05-24,20799,TX,South
TX_3,11418,2014-05-31,25138,TX,South
TX_3,11419,2014-06-07,26134,TX,South
TX_3,11420,2014-06-14,24714,TX,South
TX_3,11421,2014-06-21,22913,TX,South
TX_3,11422,2014-06-28,26770,TX,South
TX_3,11423,2014-07-05,26077,TX,South
TX_3,11424,2014-07-12,25287,TX,South
TX_3,11425,2014-07-19,23585,TX,South
TX_3,11426,2014-07-26,24696,TX,South
TX_3,11427,2014-08-02,25085,TX,South
TX_3,11428,2014-08-09,25103,TX,South
TX_3,11429,2014-08-16,26010,TX,South
TX_3,11430,2014-08-23,25905,TX,South
TX_3,11431,2014-08-30,23756,TX,South
TX_3,11432,2014-09-06,25246,TX,South
TX_3,11433,2014-09-13,24573,TX,South
TX_3,11434,2014-09-20,23240,TX,South
TX_3,11435,2014-09-27,24595,TX,South
TX_3,11436,2014-10-04,25778,TX,South
TX_3,11437,2014-10-11,24548,TX,South
TX_3,11438,2014-10-18,22506,TX,South
TX_3,11439,2014-10-25,21941,TX,South
TX_3,11440,2014-11-01,23853,TX,South
TX_3,11441,2014-11-08,22703,TX,South
TX_3,11442,2014-11-15,22410,TX,South
TX_3,11443,2014-11-22,22865,TX,South
TX_3,11444,2014-11-29,21738,TX,South
TX_3,11445,2014-12-06,22935,TX,South
TX_3,11446,2014-12-13,24174,TX,South
TX_3,11447,2014-12-20,20143,TX,South
TX_3,11448,2014-12-27,20949,TX,South
TX_3,11449,2015-01-03,22131,TX,South
TX_3,11450,2015-01-10,22940,TX,South
TX_3,11451,2015-01-17,22310,TX,South
TX_3,11452,2015-01-24,22482,TX,South
TX_3,11501,2015-01-31,25782,TX,South
TX_3,11502,2015-02-07,27793,TX,South
TX_3,11503,2015-02-14,24765,TX,South
TX_3,11504,2015-02-21,24624,TX,South
TX_3,11505,2015-02-28,26559,TX,South
TX_3,11506,2015-03-07,26776,TX,South
TX_3,11507,2015-03-14,25317,TX,South
TX_3,11508,2015-03-21,23717,TX,South
TX_3,11509,2015-03-28,26557,TX,South
TX_3,11510,2015-04-04,26884,TX,South
TX_3,11511,2015-04-11,27312,TX,South
TX_3,11512,2015-04-18,25182,TX,South
TX_3,11513,2015-04-25,26682,TX,South
TX_3,11514,2015-05-02,28346,TX,South
TX_3,11515,2015-05-09,28227,TX,South
TX_3,11516,2015-05-16,26485,TX,South
TX_3,11517,2015-05-23,24668,TX,South
TX_3,11518,2015-05-30,27835,TX,South
TX_3,11519,2015-06-06,27987,TX,South
TX_3,11520,2015-06-13,28176,TX,South
TX_3,11521,2015-06-20,24169,TX,South
TX_3,11522,2015-06-27,27028,TX,South
TX_3,11523,2015-07-04,26707,TX,South
TX_3,11524,2015-07-11,27797,TX,South
TX_3,11525,2015-07-18,26910,TX,South
TX_3,11526,2015-07-25,25240,TX,South
TX_3,11527,2015-08-01,29262,TX,South
TX_3,11528,2015-08-08,27697,TX,South
TX_3,11529,2015-08-15,25520,TX,South
TX_3,11530,2015-08-22,25945,TX,South
TX_3,11531,2015-08-29,26026,TX,South
TX_3,11532,2015-09-05,26530,TX,South
TX_3,11533,2015-09-12,26839,TX,South
TX_3,11534,2015-09-19,25368,TX,South
TX_3,11535,2015-09-26,25552,TX,South
TX_3,11536,2015-10-03,29513,TX,South
TX_3,11537,2015-10-10,26908,TX,South
TX_3,11538,2015-10-17,26050,TX,South
TX_3,11539,2015-10-24,24072,TX,South
TX_3,11540,2015-10-31,25546,TX,South
TX_3,11541,2015-11-07,25512,TX,South
TX_3,11542,2015-11-14,25068,TX,South
TX_3,11543,2015-11-21,23325,TX,South
TX_3,11544,2015-11-28,23450,TX,South
TX_3,11545,2015-12-05,24145,TX,South
TX_3,11546,2015-12-12,25921,TX,South
TX_3,11547,2015-12-19,21419,TX,South
TX_3,11548,2015-12-26,22624,TX,South
TX_3,11549,2016-01-02,24257,TX,South
TX_3,11550,2016-01-09,26069,TX,South
TX_3,11551,2016-01-16,25643,TX,South
TX_3,11552,2016-01-23,24304,TX,South
TX_3,11601,2016-01-30,27356,TX,South
TX_3,11602,2016-02-06,29336,TX,South
TX_3,11603,2016-02-13,27630,TX,South
TX_3,11604,2016-02-20,25958,TX,South
TX_3,11605,2016-02-27,26899,TX,South
TX_3,11606,2016-03-05,27100,TX,South
TX_3,11607,2016-03-12,27398,TX,South
TX_3,11608,2016-03-19,26363,TX,South
TX_3,11609,2016-03-26,25535,TX,South
TX_3,11610,2016-04-02,27295,TX,South
TX_3,11611,2016-04-09,27815,TX,South
TX_3,11612,2016-04-16,26251,TX,South
TX_3,11613,2016-04-23,26658,TX,South
TX_3,11614,2016-04-30,29184,TX,South
TX_3,11615,2016-05-07,29803,TX,South
TX_3,11616,2016-05-14,29319,TX,South
WI_1,11101,2011-01-29,12577,WI,Midwest
WI_1,11102,2011-02-05,12317,WI,Midwest
WI_1,11103,2011-02-12,12162,WI,Midwest
WI_1,11104,2011-02-19,10731,WI,Midwest
WI_1,11105,2011-02-26,10794,WI,Midwest
WI_1,11106,2011-03-05,11250,WI,Midwest
WI_1,11107,2011-03-12,12008,WI,Midwest
WI_1,11108,2011-03-19,11122,WI,Midwest
WI_1,11109,2011-03-26,11790,WI,Midwest
WI_1,11110,2011-04-02,11561,WI,Midwest
WI_1,11111,2011-04-09,11144,WI,Midwest
WI_1,11112,2011-04-16,10418,WI,Midwest
WI_1,11113,2011-04-23,9655,WI,Midwest
WI_1,11114,2011-04-30,10787,WI,Midwest
WI_1,11115,2011-05-07,10231,WI,Midwest
WI_1,11116,2011-05-14,10638,WI,Midwest
WI_1,11117,2011-05-21,10180,WI,Midwest
WI_1,11118,2011-05-28,10102,WI,Midwest
WI_1,11119,2011-06-04,11087,WI,Midwest
WI_1,11120,2011-06-11,10965,WI,Midwest
WI_1,11121,2011-06-18,11083,WI,Midwest
WI_1,11122,2011-06-25,11260,WI,Midwest
WI_1,11123,2011-07-02,11047,WI,Midwest
WI_1,11124,2011-07-09,11123,WI,Midwest
WI_1,11125,2011-07-16,11111,WI,Midwest
WI_1,11126,2011-07-23,10379,WI,Midwest
WI_1,11127,2011-07-30,10579,WI,Midwest
WI_1,11128,2011-08-06,10543,WI,Midwest
WI_1,11129,2011-08-13,10871,WI,Midwest
WI_1,11130,2011-08-20,10305,WI,Midwest
WI_1,11131,2011-08-27,11746,WI,Midwest
WI_1,11132,2011-09-03,10472,WI,Midwest
WI_1,11133,2011-09-10,11385,WI,Midwest
WI_1,11134,2011-09-17,10948,WI,Midwest
WI_1,11135,2011-09-24,11038,WI,Midwest
WI_1,11136,2011-10-01,11722,WI,Midwest
WI_1,11137,2011-10-08,11668,WI,Midwest
WI_1,11138,2011-10-15,11801,WI,Midwest
WI_1,11139,2011-10-22,11714,WI,Midwest
WI_1,11140,2011-10-29,11535,WI,Midwest
WI_1,11141,2011-11-05,11650,WI,Midwest
WI_1,11142,2011-11-12,11744,WI,Midwest
WI_1,11143,2011-11-19,10761,WI,Midwest
WI_1,11144,2011-11-26,11757,WI,Midwest
WI_1,11145,2011-12-03,12715,WI,Midwest
WI_1,11146,2011-12-10,11843,WI,Midwest
WI_1,11147,2011-12-17,13556,WI,Midwest
WI_1,11148,2011-12-24,9892,WI,Midwest
WI_1,11149,2011-12-31,11865,WI,Midwest
WI_1,11150,2012-01-07,11478,WI,Midwest
WI_1,11151,2012-01-14,11440,WI,Midwest
WI_1,11152,2012-01-21,12252,WI,Midwest
WI_1,11201,2012-01-28,12453,WI,Midwest
WI_1,11202,2012-02-04,12439,WI,Midwest
WI_1,11203,2012-02-11,12866,WI,Midwest
WI_1,11204,2012-02-18,12489,WI,Midwest
WI_1,11205,2012-02-25,13355,WI,Midwest
WI_1,11206,2012-03-03,12917,WI,Midwest
WI_1,11207,2012-03-10,12989,WI,Midwest
WI_1,11208,2012-03-17,13081,WI,Midwest
WI_1,11209,2012-03-24,12414,WI,Midwest
WI_1,11210,2012-03-31,13475,WI,Midwest
WI_1,11211,2012-04-07,13157,WI,Midwest
WI_1,11212,2012-04-14,11526,WI,Midwest
WI_1,11213,2012-04-21,12441,WI,Midwest
WI_1,11214,2012-04-28,13674,WI,Midwest
WI_1,11215,2012-05-05,12139,WI,Midwest
WI_1,11216,2012-05-12,12528,WI,Midwest
WI_1,11217,2012-05-19,13521,WI,Midwest
WI_1,11218,2012-05-26,13283,WI,Midwest
WI_1,11219,2012-06-02,13585,WI,Midwest
WI_1,11220,2012-06-09,14701,WI,Midwest
WI_1,11221,2012-06-16,15407,WI,Midwest
WI_1,11222,2012-06-23,13974,WI,Midwest
WI_1,11223,2012-06-30,14465,WI,Midwest
WI_1,11224,2012-07-07,13682,WI,Midwest
WI_1,11225,2012-07-14,13258,WI,Midwest
WI_1,11226,2012-07-21,12494,WI,Midwest
WI_1,11227,2012-07-28,12674,WI,Midwest
WI_1,11228,2012-08-04,11450,WI,Midwest
WI_1,11229,2012-08-11,12044,WI,Midwest
WI_1,11230,2012-08-18,12335,WI,Midwest
WI_1,11231,2012-08-25,12689,WI,Midwest
WI_1,11232,2012-09-01,12918,WI,Midwest
WI_1,11233,2012-09-08,11942,WI,Midwest
WI_1,11234,2012-09-15,12613,WI,Midwest
WI_1,11235,2012-09-22,12214,WI,Midwest
WI_1,11236,2012-09-29,11602,WI,Midwest
WI_1,11237,2012-10-06,10698,WI,Midwest
WI_1,11238,2012-10-13,8718,WI,Midwest
WI_1,11239,2012-10-20,8256,WI,Midwest
WI_1,11240,2012-10-27,20764,WI,Midwest
WI_1,11241,2012-11-03,20416,WI,Midwest
WI_1,11242,2012-11-10,21049,WI,Midwest
WI_1,11243,2012-11-17,17899,WI,Midwest
WI_1,11244,2012-11-24,17618,WI,Midwest
WI_1,11245,2012-12-01,21360,WI,Midwest
WI_1,11246,2012-12-08,19843,WI,Midwest
WI_1,11247,2012-12-15,21283,WI,Midwest
WI_1,11248,2012-12-22,18385,WI,Midwest
WI_1,11249,2012-12-29,19558,WI,Midwest
WI_1,11250,2013-01-05,19971,WI,Midwest
WI_1,11251,2013-01-12,19603,WI,Midwest
WI_1,11252,2013-01-19,18357,WI,Midwest
WI_1,11301,2013-01-26,16939,WI,Midwest
WI_1,11302,2013-02-02,18528,WI,Midwest
WI_1,11303,2013-02-09,20886,WI,Midwest
WI_1,11304,2013-02-16,19577,WI,Midwest
WI_1,11305,2013-02-23,19545,WI,Midwest
WI_1,11306,2013-03-02,19614,WI,Midwest
WI_1,11307,2013-03-09,18927,WI,Midwest
WI_1,11308,2013-03-16,19921,WI,Midwest
WI_1,11309,2013-03-23,20353,WI,Midwest
WI_1,11310,2013-03-30,19393,WI,Midwest
WI_1,11311,2013-04-06,18649,WI,Midwest
WI_1,11312,2013-04-13,18858,WI,Midwest
WI_1,11313,2013-04-20,17068,WI,Midwest
WI_1,11314,2013-04-27,17110,WI,Midwest
WI_1,11315,2013-05-04,18184,WI,Midwest
WI_1,11316,2013-05-11,19124,WI,Midwest
WI_1,11317,2013-05-18,19604,WI,Midwest
WI_1,11318,2013-05-25,18466,WI,Midwest
WI_1,11319,2013-06-01,20695,WI,Midwest
WI_1,11320,2013-06-08,20359,WI,Midwest
WI_1,11321,2013-06-15,19434,WI,Midwest
WI_1,11322,2013-06-22,19380,WI,Midwest
WI_1,11323,2013-06-29,20920,WI,Midwest
WI_1,11324,2013-07-06,19805,WI,Midwest
WI_1,11325,2013-07-13,21667,WI,Midwest
WI_1,11326,2013-07-20,19699,WI,Midwest
WI_1,11327,2013-07-27,19095,WI,Midwest
WI_1,11328,2013-08-03,19352,WI,Midwest
WI_1,11329,2013-08-10,20810,WI,Midwest
WI_1,11330,2013-08-17,20176,WI,Midwest
WI_1,11331,2013-08-24,20888,WI,Midwest
WI_1,11332,2013-08-31,20726,WI,Midwest
WI_1,11333,2013-09-07,20490,WI,Midwest
WI_1,11334,2013-09-14,19808,WI,Midwest
WI_1,11335,2013-09-21,19701,WI,Midwest
WI_1,11336,2013-09-28,19785,WI,Midwest
WI_1,11337,2013-10-05,19672,WI,Midwest
WI_1,11338,2013-10-12,19734,WI,Midwest
WI_1,11339,2013-10-19,19379,WI,Midwest
WI_1,11340,2013-10-26,18723,WI,Midwest
WI_1,11341,2013-11-02,19805,WI,Midwest
WI_1,11342,2013-11-09,19454,WI,Midwest
WI_1,11343,2013-11-16,20142,WI,Midwest
WI_1,11344,2013-11-23,18765,WI,Midwest
WI_1,11345,2013-11-30,21629,WI,Midwest
WI_1,11346,2013-12-07,20197,WI,Midwest
WI_1,11347,2013-12-14,20313,WI,Midwest
WI_1,11348,2013-12-21,19557,WI,Midwest
WI_1,11349,2013-12-28,19909,WI,Midwest
WI_1,11350,2014-01-04,20131,WI,Midwest
WI_1,11351,2014-01-11,21080,WI,Midwest
WI_1,11352,2014-01-18,19429,WI,Midwest
WI_1,11353,2014-01-25,19346,WI,Midwest
WI_1,11401,2014-02-01,19846,WI,Midwest
WI_1,11402,2014-02-08,21596,WI,Midwest
WI_1,11403,2014-02-15,20570,WI,Midwest
WI_1,11404,2014-02-22,21722,WI,Midwest
WI_1,11405,2014-03-01,21324,WI,Midwest
WI_1,11406,2014-03-08,22125,WI,Midwest
WI_1,11407,2014-03-15,20102,WI,Midwest
WI_1,11408,2014-03-22,20246,WI,Midwest
WI_1,11409,2014-03-29,21659,WI,Midwest
WI_1,11410,2014-04-05,22655,WI,Midwest
WI_1,11411,2014-04-12,23849,WI,Midwest
WI_1,11412,2014-04-19,20021,WI,Midwest
WI_1,11413,2014-04-26,21862,WI,Midwest
WI_1,11414,2014-05-03,21625,WI,Midwest
WI_1,11415,2014-05-10,22366,WI,Midwest
WI_1,11416,2014-05-17,22152,WI,Midwest
WI_1,11417,2014-05-24,20356,WI,Midwest
WI_1,11418,2014-05-31,23634,WI,Midwest
WI_1,11419,2014-06-07,23224,WI,Midwest
WI_1,11420,2014-06-14,23383,WI,Midwest
WI_1,11421,2014-06-21,21881,WI,Midwest
WI_1,11422,2014-06-28,24712,WI,Midwest
WI_1,11423,2014-07-05,23462,WI,Midwest
WI_1,11424,2014-07-12,23640,WI,Midwest
WI_1,11425,2014-07-19,22596,WI,Midwest
WI_1,11426,2014-07-26,22352,WI,Midwest
WI_1,11427,2014-08-02,22893,WI,Midwest
WI_1,11428,2014-08-09,23275,WI,Midwest
WI_1,11429,2014-08-16,23297,WI,Midwest
WI_1,11430,2014-08-23,23424,WI,Midwest
WI_1,11431,2014-08-30,24313,WI,Midwest
WI_1,11432,2014-09-06,22247,WI,Midwest
WI_1,11433,2014-09-13,22153,WI,Midwest
WI_1,11434,2014-09-20,21604,WI,Midwest
WI_1,11435,2014-09-27,23401,WI,Midwest
WI_1,11436,2014-10-04,23225,WI,Midwest
WI_1,11437,2014-10-11,23368,WI,Midwest
WI_1,11438,2014-10-18,22092,WI,Midwest
WI_1,11439,2014-10-25,21413,WI,Midwest
WI_1,11440,2014-11-01,22676,WI,Midwest
WI_1,11441,2014-11-08,22682,WI,Midwest
WI_1,11442,2014-11-15,23512,WI,Midwest
WI_1,11443,2014-11-22,20721,WI,Midwest
WI_1,11444,2014-11-29,23924,WI,Midwest
WI_1,11445,2014-12-06,22246,WI,Midwest
WI_1,11446,2014-12-13,23363,WI,Midwest
WI_1,11447,2014-12-20,21674,WI,Midwest
WI_1,11448,2014-12-27,22427,WI,Midwest
WI_1,11449,2015-01-03,20963,WI,Midwest
WI_1,11450,2015-01-10,25120,WI,Midwest
WI_1,11451,2015-01-17,23461,WI,Midwest
WI_1,11452,2015-01-24,23960,WI,Midwest
WI_1,11501,2015-01-31,25818,WI,Midwest
WI_1,11502,2015-02-07,27490,WI,Midwest
WI_1,11503,2015-02-14,24300,WI,Midwest
WI_1,11504,2015-02-21,24352,WI,Midwest
WI_1,11505,2015-02-28,25717,WI,Midwest
WI_1,11506,2015-03-07,24887,WI,Midwest
WI_1,11507,2015-03-14,23428,WI,Midwest
WI_1,11508,2015-03-21,22984,WI,Midwest
WI_1,11509,2015-03-28,24727,WI,Midwest
WI_1,11510,2015-04-04,23078,WI,Midwest
WI_1,11511,2015-04-11,23965,WI,Midwest
WI_1,11512,2015-04-18,23068,WI,Midwest
WI_1,11513,2015-04-25,24032,WI,Midwest
WI_1,11514,2015-05-02,24838,WI,Midwest
WI_1,11515,2015-05-09,24173,WI,Midwest
WI_1,11516,2015-05-16,24112,WI,Midwest
WI_1,11517,2015-05-23,22881,WI,Midwest
WI_1,11518,2015-05-30,25334,WI,Midwest
WI_1,11519,2015-06-06,26233,WI,Midwest
WI_1,11520,2015-06-13,25309,WI,Midwest
WI_1,11521,2015-06-20,23263,WI,Midwest
WI_1,11522,2015-06-27,26341,WI,Midwest
WI_1,11523,2015-07-04,23992,WI,Midwest
WI_1,11524,2015-07-11,26392,WI,Midwest
WI_1,11525,2015-07-18,24004,WI,Midwest
WI_1,11526,2015-07-25,24173,WI,Midwest
WI_1,11527,2015-08-01,25794,WI,Midwest
WI_1,11528,2015-08-08,23467,WI,Midwest
WI_1,11529,2015-08-15,23985,WI,Midwest
WI_1,11530,2015-08-22,23431,WI,Midwest
WI_1,11531,2015-08-29,25654,WI,Midwest
WI_1,11532,2015-09-05,24185,WI,Midwest
WI_1,11533,2015-09-12,24422,WI,Midwest
WI_1,11534,2015-09-19,23075,WI,Midwest
WI_1,11535,2015-09-26,24348,WI,Midwest
WI_1,11536,2015-10-03,25884,WI,Midwest
WI_1,11537,2015-10-10,25236,WI,Midwest
WI_1,11538,2015-10-17,24466,WI,Midwest
WI_1,11539,2015-10-24,24748,WI,Midwest
WI_1,11540,2015-10-31,24149,WI,Midwest
WI_1,11541,2015-11-07,24118,WI,Midwest
WI_1,11542,2015-11-14,25623,WI,Midwest
WI_1,11543,2015-11-21,22289,WI,Midwest
WI_1,11544,2015-11-28,24680,WI,Midwest
WI_1,11545,2015-12-05,26109,WI,Midwest
WI_1,11546,2015-12-12,25524,WI,Midwest
WI_1,11547,2015-12-19,24572,WI,Midwest
WI_1,11548,2015-12-26,23594,WI,Midwest
WI_1,11549,2016-01-02,25111,WI,Midwest
WI_1,11550,2016-01-09,25692,WI,Midwest
WI_1,11551,2016-01-16,24534,WI,Midwest
WI_1,11552,2016-01-23,24458,WI,Midwest
WI_1,11601,2016-01-30,26414,WI,Midwest
WI_1,11602,2016-02-06,27274,WI,Midwest
WI_1,11603,2016-02-13,27112,WI,Midwest
WI_1,11604,2016-02-20,25912,WI,Midwest
WI_1,11605,2016-02-27,26486,WI,Midwest
WI_1,11606,2016-03-05,27142,WI,Midwest
WI_1,11607,2016-03-12,26183,WI,Midwest
WI_1,11608,2016-03-19,26950,WI,Midwest
WI_1,11609,2016-03-26,25431,WI,Midwest
WI_1,11610,2016-04-02,27038,WI,Midwest
WI_1,11611,2016-04-09,28330,WI,Midwest
WI_1,11612,2016-04-16,26536,WI,Midwest
WI_1,11613,2016-04-23,26617,WI,Midwest
WI_1,11614,2016-04-30,28820,WI,Midwest
WI_1,11615,2016-05-07,28221,WI,Midwest
WI_1,11616,2016-05-14,28376,WI,Midwest
WI_2,11101,2011-01-29,14369,WI,Midwest
WI_2,11102,2011-02-05,13791,WI,Midwest
WI_2,11103,2011-02-12,13489,WI,Midwest
WI_2,11104,2011-02-19,11114,WI,Midwest
WI_2,11105,2011-02-26,12148,WI,Midwest
WI_2,11106,2011-03-05,11880,WI,Midwest
WI_2,11107,2011-03-12,12716,WI,Midwest
WI_2,11108,2011-03-19,10412,WI,Midwest
WI_2,11109,2011-03-26,11165,WI,Midwest
WI_2,11110,2011-04-02,12334,WI,Midwest
WI_2,11111,2011-04-09,12112,WI,Midwest
WI_2,11112,2011-04-16,9901,WI,Midwest
WI_2,11113,2011-04-23,9360,WI,Midwest
WI_2,11114,2011-04-30,11335,WI,Midwest
WI_2,11115,2011-05-07,10918,WI,Midwest
WI_2,11116,2011-05-14,10091,WI,Midwest
WI_2,11117,2011-05-21,9620,WI,Midwest
WI_2,11118,2011-05-28,10739,WI,Midwest
WI_2,11119,2011-06-04,14233,WI,Midwest
WI_2,11120,2011-06-11,12156,WI,Midwest
WI_2,11121,2011-06-18,10873,WI,Midwest
WI_2,11122,2011-06-25,10440,WI,Midwest
WI_2,11123,2011-07-02,11939,WI,Midwest
WI_2,11124,2011-07-09,13432,WI,Midwest
WI_2,11125,2011-07-16,12246,WI,Midwest
WI_2,11126,2011-07-23,11000,WI,Midwest
WI_2,11127,2011-07-30,12444,WI,Midwest
WI_2,11128,2011-08-06,11708,WI,Midwest
WI_2,11129,2011-08-13,11254,WI,Midwest
WI_2,11130,2011-08-20,10985,WI,Midwest
WI_2,11131,2011-08-27,12425,WI,Midwest
WI_2,11132,2011-09-03,11984,WI,Midwest
WI_2,11133,2011-09-10,12452,WI,Midwest
WI_2,11134,2011-09-17,10444,WI,Midwest
WI_2,11135,2011-09-24,10602,WI,Midwest
WI_2,11136,2011-10-01,13468,WI,Midwest
WI_2,11137,2011-10-08,12727,WI,Midwest
WI_2,11138,2011-10-15,11127,WI,Midwest
WI_2,11139,2011-10-22,10695,WI,Midwest
WI_2,11140,2011-10-29,12075,WI,Midwest
WI_2,11141,2011-11-05,12371,WI,Midwest
WI_2,11142,2011-11-12,12455,WI,Midwest
WI_2,11143,2011-11-19,9956,WI,Midwest
WI_2,11144,2011-11-26,11553,WI,Midwest
WI_2,11145,2011-12-03,13213,WI,Midwest
WI_2,11146,2011-12-10,13532,WI,Midwest
WI_2,11147,2011-12-17,12738,WI,Midwest
WI_2,11148,2011-12-24,10057,WI,Midwest
WI_2,11149,2011-12-31,13210,WI,Midwest
WI_2,11150,2012-01-07,13530,WI,Midwest
WI_2,11151,2012-01-14,12881,WI,Midwest
WI_2,11152,2012-01-21,12541,WI,Midwest
WI_2,11201,2012-01-28,14630,WI,Midwest
WI_2,11202,2012-02-04,15668,WI,Midwest
WI_2,11203,2012-02-11,14303,WI,Midwest
WI_2,11204,2012-02-18,12277,WI,Midwest
WI_2,11205,2012-02-25,13609,WI,Midwest
WI_2,11206,2012-03-03,14555,WI,Midwest
WI_2,11207,2012-03-10,12619,WI,Midwest
WI_2,11208,2012-03-17,11220,WI,Midwest
WI_2,11209,2012-03-24,11568,WI,Midwest
WI_2,11210,2012-03-31,14104,WI,Midwest
WI_2,11211,2012-04-07,12409,WI,Midwest
WI_2,11212,2012-04-14,10953,WI,Midwest
WI_2,11213,2012-04-21,9516,WI,Midwest
WI_2,11214,2012-04-28,11738,WI,Midwest
WI_2,11215,2012-05-05,14093,WI,Midwest
WI_2,11216,2012-05-12,13831,WI,Midwest
WI_2,11217,2012-05-19,13814,WI,Midwest
WI_2,11218,2012-05-26,16626,WI,Midwest
WI_2,11219,2012-06-02,23946,WI,Midwest
WI_2,11220,2012-06-09,25892,WI,Midwest
WI_2,11221,2012-06-16,20010,WI,Midwest
WI_2,11222,2012-06-23,20044,WI,Midwest
WI_2,11223,2012-06-30,27191,WI,Midwest
WI_2,11224,2012-07-07,25255,WI,Midwest
WI_2,11225,2012-07-14,23878,WI,Midwest
WI_2,11226,2012-07-21,20035,WI,Midwest
WI_2,11227,2012-07-28,23084,WI,Midwest
WI_2,11228,2012-08-04,26878,WI,Midwest
WI_2,11229,2012-08-11,27663,WI,Midwest
WI_2,11230,2012-08-18,20988,WI,Midwest
WI_2,11231,2012-08-25,22414,WI,Midwest
WI_2,11232,2012-09-01,27509,WI,Midwest
WI_2,11233,2012-09-08,28679,WI,Midwest
WI_2,11234,2012-09-15,25285,WI,Midwest
WI_2,11235,2012-09-22,20679,WI,Midwest
WI_2,11236,2012-09-29,25543,WI,Midwest
WI_2,11237,2012-10-06,27572,WI,Midwest
WI_2,11238,2012-10-13,25161,WI,Midwest
WI_2,11239,2012-10-20,19298,WI,Midwest
WI_2,11240,2012-10-27,21878,WI,Midwest
WI_2,11241,2012-11-03,28618,WI,Midwest
WI_2,11242,2012-11-10,26492,WI,Midwest
WI_2,11243,2012-11-17,19721,WI,Midwest
WI_2,11244,2012-11-24,19034,WI,Midwest
WI_2,11245,2012-12-01,26218,WI,Midwest
WI_2,11246,2012-12-08,27333,WI,Midwest
WI_2,11247,2012-12-15,24700,WI,Midwest
WI_2,11248,2012-12-22,19142,WI,Midwest
WI_2,11249,2012-12-29,26553,WI,Midwest
WI_2,11250,2013-01-05,30734,WI,Midwest
WI_2,11251,2013-01-12,28691,WI,Midwest
WI_2,11252,2013-01-19,21116,WI,Midwest
WI_2,11301,2013-01-26,23057,WI,Midwest
WI_2,11302,2013-02-02,29921,WI,Midwest
WI_2,11303,2013-02-09,35560,WI,Midwest
WI_2,11304,2013-02-16,27343,WI,Midwest
WI_2,11305,2013-02-23,24963,WI,Midwest
WI_2,11306,2013-03-02,30621,WI,Midwest
WI_2,11307,2013-03-09,32003,WI,Midwest
WI_2,11308,2013-03-16,23899,WI,Midwest
WI_2,11309,2013-03-23,23108,WI,Midwest
WI_2,11310,2013-03-30,28372,WI,Midwest
WI_2,11311,2013-04-06,30575,WI,Midwest
WI_2,11312,2013-04-13,27342,WI,Midwest
WI_2,11313,2013-04-20,20092,WI,Midwest
WI_2,11314,2013-04-27,23109,WI,Midwest
WI_2,11315,2013-05-04,28078,WI,Midwest
WI_2,11316,2013-05-11,28355,WI,Midwest
WI_2,11317,2013-05-18,21802,WI,Midwest
WI_2,11318,2013-05-25,20609,WI,Midwest
WI_2,11319,2013-06-01,28816,WI,Midwest
WI_2,11320,2013-06-08,29360,WI,Midwest
WI_2,11321,2013-06-15,24388,WI,Midwest
WI_2,11322,2013-06-22,22051,WI,Midwest
WI_2,11323,2013-06-29,26814,WI,Midwest
WI_2,11324,2013-07-06,31169,WI,Midwest
WI_2,11325,2013-07-13,28226,WI,Midwest
WI_2,11326,2013-07-20,20705,WI,Midwest
WI_2,11327,2013-07-27,22063,WI,Midwest
WI_2,11328,2013-08-03,29843,WI,Midwest
WI_2,11329,2013-08-10,30596,WI,Midwest
WI_2,11330,2013-08-17,23023,WI,Midwest
WI_2,11331,2013-08-24,24890,WI,Midwest
WI_2,11332,2013-08-31,29803,WI,Midwest
WI_2,11333,2013-09-07,32209,WI,Midwest
WI_2,11334,2013-09-14,28845,WI,Midwest
WI_2,11335,2013-09-21,24579,WI,Midwest
WI_2,11336,2013-09-28,29836,WI,Midwest
WI_2,11337,2013-10-05,32087,WI,Midwest
WI_2,11338,2013-10-12,30907,WI,Midwest
WI_2,11339,2013-10-19,23806,WI,Midwest
WI_2,11340,2013-10-26,23851,WI,Midwest
WI_2,11341,2013-11-02,31991,WI,Midwest
WI_2,11342,2013-11-09,30218,WI,Midwest
WI_2,11343,2013-11-16,25571,WI,Midwest
WI_2,11344,2013-11-23,21582,WI,Midwest
WI_2,11345,2013-11-30,29404,WI,Midwest
WI_2,11346,2013-12-07,29766,WI,Midwest
WI_2,11347,2013-12-14,27866,WI,Midwest
WI_2,11348,2013-12-21,19445,WI,Midwest
WI_2,11349,2013-12-28,23687,WI,Midwest
WI_2,11350,2014-01-04,28479,WI,Midwest
WI_2,11351,2014-01-11,31477,WI,Midwest
WI_2,11352,2014-01-18,23814,WI,Midwest
WI_2,11353,2014-01-25,23622,WI,Midwest
WI_2,11401,2014-02-01,33097,WI,Midwest
WI_2,11402,2014-02-08,33524,WI,Midwest
WI_2,11403,2014-02-15,29374,WI,Midwest
WI_2,11404,2014-02-22,26653,WI,Midwest
WI_2,11405,2014-03-01,32124,WI,Midwest
WI_2,11406,2014-03-08,33560,WI,Midwest
WI_2,11407,2014-03-15,24974,WI,Midwest
WI_2,11408,2014-03-22,24108,WI,Midwest
WI_2,11409,2014-03-29,28857,WI,Midwest
WI_2,11410,2014-04-05,32934,WI,Midwest
WI_2,11411,2014-04-12,31126,WI,Midwest
WI_2,11412,2014-04-19,22812,WI,Midwest
WI_2,11413,2014-04-26,25465,WI,Midwest
WI_2,11414,2014-05-03,29957,WI,Midwest
WI_2,11415,2014-05-10,29217,WI,Midwest
WI_2,11416,2014-05-17,24178,WI,Midwest
WI_2,11417,2014-05-24,21503,WI,Midwest
WI_2,11418,2014-05-31,30955,WI,Midwest
WI_2,11419,2014-06-07,31229,WI,Midwest
WI_2,11420,2014-06-14,27622,WI,Midwest
WI_2,11421,2014-06-21,23097,WI,Midwest
WI_2,11422,2014-06-28,28023,WI,Midwest
WI_2,11423,2014-07-05,32238,WI,Midwest
WI_2,11424,2014-07-12,30727,WI,Midwest
WI_2,11425,2014-07-19,23898,WI,Midwest
WI_2,11426,2014-07-26,24268,WI,Midwest
WI_2,11427,2014-08-02,32476,WI,Midwest
WI_2,11428,2014-08-09,32802,WI,Midwest
WI_2,11429,2014-08-16,26693,WI,Midwest
WI_2,11430,2014-08-23,26258,WI,Midwest
WI_2,11431,2014-08-30,31092,WI,Midwest
WI_2,11432,2014-09-06,31868,WI,Midwest
WI_2,11433,2014-09-13,28186,WI,Midwest
WI_2,11434,2014-09-20,23412,WI,Midwest
WI_2,11435,2014-09-27,28278,WI,Midwest
WI_2,11436,2014-10-04,32282,WI,Midwest
WI_2,11437,2014-10-11,32287,WI,Midwest
WI_2,11438,2014-10-18,24685,WI,Midwest
WI_2,11439,2014-10-25,23794,WI,Midwest
WI_2,11440,2014-11-01,31860,WI,Midwest
WI_2,11441,2014-11-08,31665,WI,Midwest
WI_2,11442,2014-11-15,26792,WI,Midwest
WI_2,11443,2014-11-22,21822,WI,Midwest
WI_2,11444,2014-11-29,28233,WI,Midwest
WI_2,11445,2014-12-06,30377,WI,Midwest
WI_2,11446,2014-12-13,26782,WI,Midwest
WI_2,11447,2014-12-20,19598,WI,Midwest
WI_2,11448,2014-12-27,23865,WI,Midwest
WI_2,11449,2015-01-03,29587,WI,Midwest
WI_2,11450,2015-01-10,32439,WI,Midwest
WI_2,11451,2015-01-17,23125,WI,Midwest
WI_2,11452,2015-01-24,25277,WI,Midwest
WI_2,11501,2015-01-31,33548,WI,Midwest
WI_2,11502,2015-02-07,34114,WI,Midwest
WI_2,11503,2015-02-14,27925,WI,Midwest
WI_2,11504,2015-02-21,25759,WI,Midwest
WI_2,11505,2015-02-28,29420,WI,Midwest
WI_2,11506,2015-03-07,30785,WI,Midwest
WI_2,11507,2015-03-14,26547,WI,Midwest
WI_2,11508,2015-03-21,24003,WI,Midwest
WI_2,11509,2015-03-28,26388,WI,Midwest
WI_2,11510,2015-04-04,29429,WI,Midwest
WI_2,11511,2015-04-11,29745,WI,Midwest
WI_2,11512,2015-04-18,24411,WI,Midwest
WI_2,11513,2015-04-25,25107,WI,Midwest
WI_2,11514,2015-05-02,32515,WI,Midwest
WI_2,11515,2015-05-09,30262,WI,Midwest
WI_2,11516,2015-05-16,25780,WI,Midwest
WI_2,11517,2015-05-23,22084,WI,Midwest
WI_2,11518,2015-05-30,30964,WI,Midwest
WI_2,11519,2015-06-06,32576,WI,Midwest
WI_2,11520,2015-06-13,29479,WI,Midwest
WI_2,11521,2015-06-20,23473,WI,Midwest
WI_2,11522,2015-06-27,28179,WI,Midwest
WI_2,11523,2015-07-04,30992,WI,Midwest
WI_2,11524,2015-07-11,31955,WI,Midwest
WI_2,11525,2015-07-18,25641,WI,Midwest
WI_2,11526,2015-07-25,24701,WI,Midwest
WI_2,11527,2015-08-01,33198,WI,Midwest
WI_2,11528,2015-08-08,32107,WI,Midwest
WI_2,11529,2015-08-15,28342,WI,Midwest
WI_2,11530,2015-08-22,25716,WI,Midwest
WI_2,11531,2015-08-29,32930,WI,Midwest
WI_2,11532,2015-09-05,35104,WI,Midwest
WI_2,11533,2015-09-12,33335,WI,Midwest
WI_2,11534,2015-09-19,27054,WI,Midwest
WI_2,11535,2015-09-26,29315,WI,Midwest
WI_2,11536,2015-10-03,36901,WI,Midwest
WI_2,11537,2015-10-10,33885,WI,Midwest
WI_2,11538,2015-10-17,26037,WI,Midwest
WI_2,11539,2015-10-24,27425,WI,Midwest
WI_2,11540,2015-10-31,31004,WI,Midwest
WI_2,11541,2015-11-07,31883,WI,Midwest
WI_2,11542,2015-11-14,30180,WI,Midwest
WI_2,11543,2015-11-21,22713,WI,Midwest
WI_2,11544,2015-11-28,28381,WI,Midwest
WI_2,11545,2015-12-05,32566,WI,Midwest
WI_2,11546,2015-12-12,30754,WI,Midwest
WI_2,11547,2015-12-19,23177,WI,Midwest
WI_2,11548,2015-12-26,24875,WI,Midwest
WI_2,11549,2016-01-02,33092,WI,Midwest
WI_2,11550,2016-01-09,36053,WI,Midwest
WI_2,11551,2016-01-16,29065,WI,Midwest
WI_2,11552,2016-01-23,28426,WI,Midwest
WI_2,11601,2016-01-30,37287,WI,Midwest
WI_2,11602,2016-02-06,40333,WI,Midwest
WI_2,11603,2016-02-13,39720,WI,Midwest
WI_2,11604,2016-02-20,32801,WI,Midwest
WI_2,11605,2016-02-27,36277,WI,Midwest
WI_2,11606,2016-03-05,40297,WI,Midwest
WI_2,11607,2016-03-12,39256,WI,Midwest
WI_2,11608,2016-03-19,32432,WI,Midwest
WI_2,11609,2016-03-26,31564,WI,Midwest
WI_2,11610,2016-04-02,42892,WI,Midwest
WI_2,11611,2016-04-09,42131,WI,Midwest
WI_2,11612,2016-04-16,33531,WI,Midwest
WI_2,11613,2016-04-23,32723,WI,Midwest
WI_2,11614,2016-04-30,40220,WI,Midwest
WI_2,11615,2016-05-07,42313,WI,Midwest
WI_2,11616,2016-05-14,38970,WI,Midwest
WI_3,11101,2011-01-29,25972,WI,Midwest
WI_3,11102,2011-02-05,27683,WI,Midwest
WI_3,11103,2011-02-12,25720,WI,Midwest
WI_3,11104,2011-02-19,20254,WI,Midwest
WI_3,11105,2011-02-26,23389,WI,Midwest
WI_3,11106,2011-03-05,24673,WI,Midwest
WI_3,11107,2011-03-12,23872,WI,Midwest
WI_3,11108,2011-03-19,19669,WI,Midwest
WI_3,11109,2011-03-26,19618,WI,Midwest
WI_3,11110,2011-04-02,23678,WI,Midwest
WI_3,11111,2011-04-09,23471,WI,Midwest
WI_3,11112,2011-04-16,19899,WI,Midwest
WI_3,11113,2011-04-23,17572,WI,Midwest
WI_3,11114,2011-04-30,21114,WI,Midwest
WI_3,11115,2011-05-07,20740,WI,Midwest
WI_3,11116,2011-05-14,19676,WI,Midwest
WI_3,11117,2011-05-21,17549,WI,Midwest
WI_3,11118,2011-05-28,18805,WI,Midwest
WI_3,11119,2011-06-04,23496,WI,Midwest
WI_3,11120,2011-06-11,22477,WI,Midwest
WI_3,11121,2011-06-18,18188,WI,Midwest
WI_3,11122,2011-06-25,17791,WI,Midwest
WI_3,11123,2011-07-02,22676,WI,Midwest
WI_3,11124,2011-07-09,24586,WI,Midwest
WI_3,11125,2011-07-16,21821,WI,Midwest
WI_3,11126,2011-07-23,18418,WI,Midwest
WI_3,11127,2011-07-30,23419,WI,Midwest
WI_3,11128,2011-08-06,24846,WI,Midwest
WI_3,11129,2011-08-13,23327,WI,Midwest
WI_3,11130,2011-08-20,19685,WI,Midwest
WI_3,11131,2011-08-27,20349,WI,Midwest
WI_3,11132,2011-09-03,24637,WI,Midwest
WI_3,11133,2011-09-10,25415,WI,Midwest
WI_3,11134,2011-09-17,20281,WI,Midwest
WI_3,11135,2011-09-24,21428,WI,Midwest
WI_3,11136,2011-10-01,27033,WI,Midwest
WI_3,11137,2011-10-08,28797,WI,Midwest
WI_3,11138,2011-10-15,24296,WI,Midwest
WI_3,11139,2011-10-22,21054,WI,Midwest
WI_3,11140,2011-10-29,24011,WI,Midwest
WI_3,11141,2011-11-05,27606,WI,Midwest
WI_3,11142,2011-11-12,26477,WI,Midwest
WI_3,11143,2011-11-19,22419,WI,Midwest
WI_3,11144,2011-11-26,21111,WI,Midwest
WI_3,11145,2011-12-03,28791,WI,Midwest
WI_3,11146,2011-12-10,28758,WI,Midwest
WI_3,11147,2011-12-17,24566,WI,Midwest
WI_3,11148,2011-12-24,19771,WI,Midwest
WI_3,11149,2011-12-31,27281,WI,Midwest
WI_3,11150,2012-01-07,29058,WI,Midwest
WI_3,11151,2012-01-14,27676,WI,Midwest
WI_3,11152,2012-01-21,22498,WI,Midwest
WI_3,11201,2012-01-28,26115,WI,Midwest
WI_3,11202,2012-02-04,30411,WI,Midwest
WI_3,11203,2012-02-11,29068,WI,Midwest
WI_3,11204,2012-02-18,24006,WI,Midwest
WI_3,11205,2012-02-25,24818,WI,Midwest
WI_3,11206,2012-03-03,32945,WI,Midwest
WI_3,11207,2012-03-10,30072,WI,Midwest
WI_3,11208,2012-03-17,25372,WI,Midwest
WI_3,11209,2012-03-24,23017,WI,Midwest
WI_3,11210,2012-03-31,30200,WI,Midwest
WI_3,11211,2012-04-07,28854,WI,Midwest
WI_3,11212,2012-04-14,25626,WI,Midwest
WI_3,11213,2012-04-21,23024,WI,Midwest
WI_3,11214,2012-04-28,28981,WI,Midwest
WI_3,11215,2012-05-05,31350,WI,Midwest
WI_3,11216,2012-05-12,31495,WI,Midwest
WI_3,11217,2012-05-19,26639,WI,Midwest
WI_3,11218,2012-05-26,25373,WI,Midwest
WI_3,11219,2012-06-02,33333,WI,Midwest
WI_3,11220,2012-06-09,34844,WI,Midwest
WI_3,11221,2012-06-16,29897,WI,Midwest
WI_3,11222,2012-06-23,27429,WI,Midwest
WI_3,11223,2012-06-30,35751,WI,Midwest
WI_3,11224,2012-07-07,32773,WI,Midwest
WI_3,11225,2012-07-14,29995,WI,Midwest
WI_3,11226,2012-07-21,24979,WI,Midwest
WI_3,11227,2012-07-28,27134,WI,Midwest
WI_3,11228,2012-08-04,29901,WI,Midwest
WI_3,11229,2012-08-11,30259,WI,Midwest
WI_3,11230,2012-08-18,24446,WI,Midwest
WI_3,11231,2012-08-25,24363,WI,Midwest
WI_3,11232,2012-09-01,30627,WI,Midwest
WI_3,11233,2012-09-08,29700,WI,Midwest
WI_3,11234,2012-09-15,27181,WI,Midwest
WI_3,11235,2012-09-22,24189,WI,Midwest
WI_3,11236,2012-09-29,29041,WI,Midwest
WI_3,11237,2012-10-06,29623,WI,Midwest
WI_3,11238,2012-10-13,26527,WI,Midwest
WI_3,11239,2012-10-20,21964,WI,Midwest
WI_3,11240,2012-10-27,22836,WI,Midwest
WI_3,11241,2012-11-03,28031,WI,Midwest
WI_3,11242,2012-11-10,28030,WI,Midwest
WI_3,11243,2012-11-17,22837,WI,Midwest
WI_3,11244,2012-11-24,20146,WI,Midwest
WI_3,11245,2012-12-01,27943,WI,Midwest
WI_3,11246,2012-12-08,27044,WI,Midwest
WI_3,11247,2012-12-15,25657,WI,Midwest
WI_3,11248,2012-12-22,20651,WI,Midwest
WI_3,11249,2012-12-29,24623,WI,Midwest
WI_3,11250,2013-01-05,27712,WI,Midwest
WI_3,11251,2013-01-12,26151,WI,Midwest
WI_3,11252,2013-01-19,21938,WI,Midwest
WI_3,11301,2013-01-26,22310,WI,Midwest
WI_3,11302,2013-02-02,28958,WI,Midwest
WI_3,11303,2013-02-09,32072,WI,Midwest
WI_3,11304,2013-02-16,25442,WI,Midwest
WI_3,11305,2013-02-23,25251,WI,Midwest
WI_3,11306,2013-03-02,30782,WI,Midwest
WI_3,11307,2013-03-09,29468,WI,Midwest
WI_3,11308,2013-03-16,24782,WI,Midwest
WI_3,11309,2013-03-23,22915,WI,Midwest
WI_3,11310,2013-03-30,27499,WI,Midwest
WI_3,11311,2013-04-06,26726,WI,Midwest
WI_3,11312,2013-04-13,21191,WI,Midwest
WI_3,11313,2013-04-20,17588,WI,Midwest
WI_3,11314,2013-04-27,19521,WI,Midwest
WI_3,11315,2013-05-04,22216,WI,Midwest
WI_3,11316,2013-05-11,21920,WI,Midwest
WI_3,11317,2013-05-18,18433,WI,Midwest
WI_3,11318,2013-05-25,18346,WI,Midwest
WI_3,11319,2013-06-01,23629,WI,Midwest
WI_3,11320,2013-06-08,22667,WI,Midwest
WI_3,11321,2013-06-15,20841,WI,Midwest
WI_3,11322,2013-06-22,18975,WI,Midwest
WI_3,11323,2013-06-29,23951,WI,Midwest
WI_3,11324,2013-07-06,24627,WI,Midwest
WI_3,11325,2013-07-13,24079,WI,Midwest
WI_3,11326,2013-07-20,18685,WI,Midwest
WI_3,11327,2013-07-27,20460,WI,Midwest
WI_3,11328,2013-08-03,24134,WI,Midwest
WI_3,11329,2013-08-10,23937,WI,Midwest
WI_3,11330,2013-08-17,20426,WI,Midwest
WI_3,11331,2013-08-24,22757,WI,Midwest
WI_3,11332,2013-08-31,25081,WI,Midwest
WI_3,11333,2013-09-07,25863,WI,Midwest
WI_3,11334,2013-09-14,23396,WI,Midwest
WI_3,11335,2013-09-21,19610,WI,Midwest
WI_3,11336,2013-09-28,23365,WI,Midwest
WI_3,11337,2013-10-05,24826,WI,Midwest
WI_3,11338,2013-10-12,23003,WI,Midwest
WI_3,11339,2013-10-19,18882,WI,Midwest
WI_3,11340,2013-10-26,20005,WI,Midwest
WI_3,11341,2013-11-02,23553,WI,Midwest
WI_3,11342,2013-11-09,23750,WI,Midwest
WI_3,11343,2013-11-16,20030,WI,Midwest
WI_3,11344,2013-11-23,19401,WI,Midwest
WI_3,11345,2013-11-30,23430,WI,Midwest
WI_3,11346,2013-12-07,22674,WI,Midwest
WI_3,11347,2013-12-14,20867,WI,Midwest
WI_3,11348,2013-12-21,17807,WI,Midwest
WI_3,11349,2013-12-28,20653,WI,Midwest
WI_3,11350,2014-01-04,25243,WI,Midwest
WI_3,11351,2014-01-11,25327,WI,Midwest
WI_3,11352,2014-01-18,20043,WI,Midwest
WI_3,11353,2014-01-25,18988,WI,Midwest
WI_3,11401,2014-02-01,23378,WI,Midwest
WI_3,11402,2014-02-08,24620,WI,Midwest
WI_3,11403,2014-02-15,22268,WI,Midwest
WI_3,11404,2014-02-22,20669,WI,Midwest
WI_3,11405,2014-03-01,23315,WI,Midwest
WI_3,11406,2014-03-08,24261,WI,Midwest
WI_3,11407,2014-03-15,21513,WI,Midwest
WI_3,11408,2014-03-22,18932,WI,Midwest
WI_3,11409,2014-03-29,20766,WI,Midwest
WI_3,11410,2014-04-05,21520,WI,Midwest
WI_3,11411,2014-04-12,22201,WI,Midwest
WI_3,11412,2014-04-19,18216,WI,Midwest
WI_3,11413,2014-04-26,18012,WI,Midwest
WI_3,11414,2014-05-03,20431,WI,Midwest
WI_3,11415,2014-05-10,21020,WI,Midwest
WI_3,11416,2014-05-17,17109,WI,Midwest
WI_3,11417,2014-05-24,16760,WI,Midwest
WI_3,11418,2014-05-31,20878,WI,Midwest
WI_3,11419,2014-06-07,20561,WI,Midwest
WI_3,11420,2014-06-14,19765,WI,Midwest
WI_3,11421,2014-06-21,16812,WI,Midwest
WI_3,11422,2014-06-28,20967,WI,Midwest
WI_3,11423,2014-07-05,20397,WI,Midwest
WI_3,11424,2014-07-12,20678,WI,Midwest
WI_3,11425,2014-07-19,16873,WI,Midwest
WI_3,11426,2014-07-26,17558,WI,Midwest
WI_3,11427,2014-08-02,21645,WI,Midwest
WI_3,11428,2014-08-09,21415,WI,Midwest
WI_3,11429,2014-08-16,19265,WI,Midwest
WI_3,11430,2014-08-23,18398,WI,Midwest
WI_3,11431,2014-08-30,21855,WI,Midwest
WI_3,11432,2014-09-06,22269,WI,Midwest
WI_3,11433,2014-09-13,19712,WI,Midwest
WI_3,11434,2014-09-20,16836,WI,Midwest
WI_3,11435,2014-09-27,19761,WI,Midwest
WI_3,11436,2014-10-04,21562,WI,Midwest
WI_3,11437,2014-10-11,21064,WI,Midwest
WI_3,11438,2014-10-18,18372,WI,Midwest
WI_3,11439,2014-10-25,17641,WI,Midwest
WI_3,11440,2014-11-01,22186,WI,Midwest
WI_3,11441,2014-11-08,21454,WI,Midwest
WI_3,11442,2014-11-15,18576,WI,Midwest
WI_3,11443,2014-11-22,18139,WI,Midwest
WI_3,11444,2014-11-29,18399,WI,Midwest
WI_3,11445,2014-12-06,19545,WI,Midwest
WI_3,11446,2014-12-13,18654,WI,Midwest
WI_3,11447,2014-12-20,16316,WI,Midwest
WI_3,11448,2014-12-27,18606,WI,Midwest
WI_3,11449,2015-01-03,20638,WI,Midwest
WI_3,11450,2015-01-10,22783,WI,Midwest
WI_3,11451,2015-01-17,18571,WI,Midwest
WI_3,11452,2015-01-24,18987,WI,Midwest
WI_3,11501,2015-01-31,23886,WI,Midwest
WI_3,11502,2015-02-07,26032,WI,Midwest
WI_3,11503,2015-02-14,21537,WI,Midwest
WI_3,11504,2015-02-21,20458,WI,Midwest
WI_3,11505,2015-02-28,23133,WI,Midwest
WI_3,11506,2015-03-07,23040,WI,Midwest
WI_3,11507,2015-03-14,21817,WI,Midwest
WI_3,11508,2015-03-21,18701,WI,Midwest
WI_3,11509,2015-03-28,20785,WI,Midwest
WI_3,11510,2015-04-04,23278,WI,Midwest
WI_3,11511,2015-04-11,24581,WI,Midwest
WI_3,11512,2015-04-18,20267,WI,Midwest
WI_3,11513,2015-04-25,19381,WI,Midwest
WI_3,11514,2015-05-02,24982,WI,Midwest
WI_3,11515,2015-05-09,22936,WI,Midwest
WI_3,11516,2015-05-16,20235,WI,Midwest
WI_3,11517,2015-05-23,18345,WI,Midwest
WI_3,11518,2015-05-30,22635,WI,Midwest
WI_3,11519,2015-06-06,23193,WI,Midwest
WI_3,11520,2015-06-13,23504,WI,Midwest
WI_3,11521,2015-06-20,20144,WI,Midwest
WI_3,11522,2015-06-27,23788,WI,Midwest
WI_3,11523,2015-07-04,23305,WI,Midwest
WI_3,11524,2015-07-11,25876,WI,Midwest
WI_3,11525,2015-07-18,21982,WI,Midwest
WI_3,11526,2015-07-25,20950,WI,Midwest
WI_3,11527,2015-08-01,25124,WI,Midwest
WI_3,11528,2015-08-08,24251,WI,Midwest
WI_3,11529,2015-08-15,22813,WI,Midwest
WI_3,11530,2015-08-22,19921,WI,Midwest
WI_3,11531,2015-08-29,24089,WI,Midwest
WI_3,11532,2015-09-05,25581,WI,Midwest
WI_3,11533,2015-09-12,25394,WI,Midwest
WI_3,11534,2015-09-19,22591,WI,Midwest
WI_3,11535,2015-09-26,23052,WI,Midwest
WI_3,11536,2015-10-03,28363,WI,Midwest
WI_3,11537,2015-10-10,26691,WI,Midwest
WI_3,11538,2015-10-17,23201,WI,Midwest
WI_3,11539,2015-10-24,22766,WI,Midwest
WI_3,11540,2015-10-31,25536,WI,Midwest
WI_3,11541,2015-11-07,25532,WI,Midwest
WI_3,11542,2015-11-14,25424,WI,Midwest
WI_3,11543,2015-11-21,22833,WI,Midwest
WI_3,11544,2015-11-28,23350,WI,Midwest
WI_3,11545,2015-12-05,24879,WI,Midwest
WI_3,11546,2015-12-12,24455,WI,Midwest
WI_3,11547,2015-12-19,21369,WI,Midwest
WI_3,11548,2015-12-26,22258,WI,Midwest
WI_3,11549,2016-01-02,26497,WI,Midwest
WI_3,11550,2016-01-09,27702,WI,Midwest
WI_3,11551,2016-01-16,24156,WI,Midwest
WI_3,11552,2016-01-23,22788,WI,Midwest
WI_3,11601,2016-01-30,27291,WI,Midwest
WI_3,11602,2016-02-06,30743,WI,Midwest
WI_3,11603,2016-02-13,28863,WI,Midwest
WI_3,11604,2016-02-20,25239,WI,Midwest
WI_3,11605,2016-02-27,27501,WI,Midwest
WI_3,11606,2016-03-05,29601,WI,Midwest
WI_3,11607,2016-03-12,28560,WI,Midwest
WI_3,11608,2016-03-19,25035,WI,Midwest
WI_3,11609,2016-03-26,25401,WI,Midwest
WI_3,11610,2016-04-02,29608,WI,Midwest
WI_3,11611,2016-04-09,30192,WI,Midwest
WI_3,11612,2016-04-16,26518,WI,Midwest
WI_3,11613,2016-04-23,24998,WI,Midwest
WI_3,11614,2016-04-30,29951,WI,Midwest
WI_3,11615,2016-05-07,29998,WI,Midwest
WI_3,11616,2016-05-14,29563,WI,Midwest
